q,columns,layers,qubits,volume,idle,sec,code,method,excel_row,n_filled,n,k,dist,idle_true,footprint,util
39,105,101,39,3997,98,69.6,"[[17,2,6]]",greedy,3,7,17,2,6,98,4095,0.976068376068376
40,94,90,40,3667,93,79.9,"[[17,2,6]]",greedy,4,7,17,2,6,93,3760,0.9752659574468086
41,84,80,41,3358,86,54.5,"[[17,2,6]]",greedy,5,7,17,2,6,86,3444,0.9750290360046457
42,81,77,42,3303,99,68.2,"[[17,2,6]]",greedy,6,7,17,2,6,99,3402,0.9708994708994709
43,78,74,43,3244,110,65.7,"[[17,2,6]]",greedy,7,7,17,2,6,110,3354,0.9672033392963626
44,73,69,44,3130,82,75.0,"[[17,2,6]]",greedy,8,7,17,2,6,82,3212,0.9744707347447074
45,69,65,45,3020,85,33.3,"[[17,2,6]]",greedy,9,7,17,2,6,85,3105,0.9726247987117552
46,65,61,46,2871,119,43.2,"[[17,2,6]]",greedy,10,7,17,2,6,119,2990,0.960200668896321
47,62,58,47,2845,69,54.4,"[[17,2,6]]",greedy,11,7,17,2,6,69,2914,0.9763212079615649
48,60,56,48,2745,135,26.7,"[[17,2,6]]",greedy,12,7,17,2,6,135,2880,0.953125
49,58,54,49,2719,123,49.0,"[[17,2,6]]",greedy,13,7,17,2,6,123,2842,0.9567206192821957
50,55,51,50,2622,128,34.3,"[[17,2,6]]",greedy,14,7,17,2,6,128,2750,0.9534545454545454
51,54,50,51,2653,101,47.1,"[[17,2,6]]",greedy,15,7,17,2,6,101,2754,0.9633260711692084
52,51,47,52,2517,135,40.5,"[[17,2,6]]",greedy,16,7,17,2,6,135,2652,0.9490950226244343
53,50,46,53,2510,140,31.1,"[[17,2,6]]",greedy,17,7,17,2,6,140,2650,0.9471698113207547
54,48,44,54,2453,139,19.9,"[[17,2,6]]",greedy,18,7,17,2,6,139,2592,0.9463734567901234
55,47,43,55,2429,156,19.4,"[[17,2,6]]",greedy,19,7,17,2,6,156,2585,0.9396518375241779
56,47,43,55,2429,203,36.3,"[[17,2,6]]",greedy,20,7,17,2,6,156,2585,0.9396518375241779
57,45,41,57,2426,139,34.5,"[[17,2,6]]",greedy,21,7,17,2,6,139,2565,0.9458089668615984
58,42,38,58,2321,115,33.2,"[[17,2,6]]",greedy,22,7,17,2,6,115,2436,0.9527914614121511
59,41,37,59,2247,172,24.1,"[[17,2,6]]",greedy,23,7,17,2,6,172,2419,0.9288962381149235
60,41,37,59,2247,213,24.7,"[[17,2,6]]",greedy,24,7,17,2,6,172,2419,0.9288962381149235
61,40,36,61,2310,130,23.9,"[[17,2,6]]",greedy,25,7,17,2,6,130,2440,0.9467213114754098
62,40,36,62,2302,178,22.4,"[[17,2,6]]",greedy,26,7,17,2,6,178,2480,0.9282258064516129
63,38,34,63,2255,139,29.5,"[[17,2,6]]",greedy,27,7,17,2,6,139,2394,0.9419381787802841
64,38,34,63,2255,177,22.1,"[[17,2,6]]",greedy,28,7,17,2,6,139,2394,0.9419381787802841
65,37,33,65,2249,156,14.3,"[[17,2,6]]",greedy,29,7,17,2,6,156,2405,0.9351351351351351
66,37,33,66,2229,213,14.6,"[[17,2,6]]",greedy,30,7,17,2,6,213,2442,0.9127764127764127
67,36,32,67,2235,177,20.6,"[[17,2,6]]",greedy,31,7,17,2,6,177,2412,0.9266169154228856
68,35,31,68,2226,154,20.3,"[[17,2,6]]",greedy,32,7,17,2,6,154,2380,0.9352941176470588
69,35,31,68,2226,189,20.3,"[[17,2,6]]",greedy,33,7,17,2,6,154,2380,0.9352941176470588
70,35,31,68,2226,224,13.8,"[[17,2,6]]",greedy,34,7,17,2,6,154,2380,0.9352941176470588
71,34,30,71,2238,176,19.5,"[[17,2,6]]",greedy,35,7,17,2,6,176,2414,0.9270919635459818
72,34,30,71,2238,210,20.5,"[[17,2,6]]",greedy,36,7,17,2,6,176,2414,0.9270919635459818
73,34,30,73,2234,248,13.3,"[[17,2,6]]",greedy,37,7,17,2,6,248,2482,0.9000805801772764
74,34,30,73,2234,282,18.5,"[[17,2,6]]",greedy,38,7,17,2,6,248,2482,0.9000805801772764
75,32,28,75,2238,162,23.9,"[[17,2,6]]",greedy,39,7,17,2,6,162,2400,0.9325
76,32,28,75,2238,194,23.8,"[[17,2,6]]",greedy,40,7,17,2,6,162,2400,0.9325
77,32,28,75,2238,226,12.4,"[[17,2,6]]",greedy,41,7,17,2,6,162,2400,0.9325
78,31,27,78,2205,213,17.5,"[[17,2,6]]",greedy,42,7,17,2,6,213,2418,0.9119106699751861
79,31,27,78,2205,244,17.4,"[[17,2,6]]",greedy,43,7,17,2,6,213,2418,0.9119106699751861
80,31,27,78,2205,275,11.5,"[[17,2,6]]",greedy,44,7,17,2,6,213,2418,0.9119106699751861
81,31,27,78,2205,306,11.8,"[[17,2,6]]",greedy,45,7,17,2,6,213,2418,0.9119106699751861
82,30,26,82,2263,197,21.6,"[[17,2,6]]",greedy,46,7,17,2,6,197,2460,0.9199186991869919
83,30,26,83,2250,240,16.5,"[[17,2,6]]",greedy,47,7,17,2,6,240,2490,0.9036144578313253
84,30,26,83,2250,270,11.1,"[[17,2,6]]",greedy,48,7,17,2,6,240,2490,0.9036144578313253
85,30,26,83,2250,300,16.1,"[[17,2,6]]",greedy,49,7,17,2,6,240,2490,0.9036144578313253
86,30,26,83,2250,330,20.9,"[[17,2,6]]",greedy,50,7,17,2,6,240,2490,0.9036144578313253
87,28,24,87,2247,189,24.5,"[[17,2,6]]",greedy,51,7,17,2,6,189,2436,0.9224137931034483
88,28,24,87,2247,217,15.6,"[[17,2,6]]",greedy,52,7,17,2,6,189,2436,0.9224137931034483
89,28,24,87,2247,245,19.8,"[[17,2,6]]",greedy,53,7,17,2,6,189,2436,0.9224137931034483
90,28,24,87,2247,273,10.1,"[[17,2,6]]",greedy,54,7,17,2,6,189,2436,0.9224137931034483
91,28,24,87,2247,301,10.6,"[[17,2,6]]",greedy,55,7,17,2,6,189,2436,0.9224137931034483
92,28,24,87,2247,329,9.8,"[[17,2,6]]",greedy,56,7,17,2,6,189,2436,0.9224137931034483
93,28,24,87,2247,357,10.2,"[[17,2,6]]",greedy,57,7,17,2,6,189,2436,0.9224137931034483
94,27,23,94,2284,254,13.8,"[[17,2,6]]",greedy,58,7,17,2,6,254,2538,0.8999211977935382
95,27,23,95,2266,299,13.9,"[[17,2,6]]",greedy,59,7,17,2,6,299,2565,0.8834307992202729
96,26,22,96,2232,264,17.2,"[[17,2,6]]",greedy,60,7,17,2,6,264,2496,0.8942307692307693
97,26,22,96,2232,290,9.4,"[[17,2,6]]",greedy,61,7,17,2,6,264,2496,0.8942307692307693
98,26,22,96,2232,316,9.3,"[[17,2,6]]",greedy,62,7,17,2,6,264,2496,0.8942307692307693
45,85,81,45,3704,121,44.9,"[[20,2,6]]",greedy,3,7,20,2,6,121,3825,0.9683660130718954
46,79,75,46,3542,92,61.3,"[[20,2,6]]",greedy,4,7,20,2,6,92,3634,0.9746835443037974
47,71,67,47,3241,96,38.7,"[[20,2,6]]",greedy,5,7,20,2,6,96,3337,0.9712316451902907
48,69,65,48,3204,108,38.0,"[[20,2,6]]",greedy,6,7,20,2,6,108,3312,0.967391304347826
49,64,60,49,3021,115,47.2,"[[20,2,6]]",greedy,7,7,20,2,6,115,3136,0.9633290816326531
50,62,58,50,2991,109,43.3,"[[20,2,6]]",greedy,8,7,20,2,6,109,3100,0.9648387096774194
51,59,55,51,2887,122,39.4,"[[20,2,6]]",greedy,9,7,20,2,6,122,3009,0.9594549684280492
52,56,52,52,2785,127,36.8,"[[20,2,6]]",greedy,10,7,20,2,6,127,2912,0.9563873626373627
53,56,52,52,2785,183,37.8,"[[20,2,6]]",greedy,11,7,20,2,6,127,2912,0.9563873626373627
54,54,50,54,2769,147,35.3,"[[20,2,6]]",greedy,12,7,20,2,6,147,2916,0.9495884773662552
55,53,49,55,2786,129,24.0,"[[20,2,6]]",greedy,13,7,20,2,6,129,2915,0.9557461406518011
56,50,46,56,2645,155,32.5,"[[20,2,6]]",greedy,14,7,20,2,6,155,2800,0.9446428571428571
57,49,45,57,2666,127,32.6,"[[20,2,6]]",greedy,15,7,20,2,6,127,2793,0.9545291800930898
58,48,44,58,2628,156,41.6,"[[20,2,6]]",greedy,16,7,20,2,6,156,2784,0.9439655172413793
59,46,42,59,2576,138,30.2,"[[20,2,6]]",greedy,17,7,20,2,6,138,2714,0.9491525423728814
60,46,42,59,2576,184,20.6,"[[20,2,6]]",greedy,18,7,20,2,6,138,2714,0.9491525423728814
61,44,40,61,2504,180,19.6,"[[20,2,6]]",greedy,19,7,20,2,6,180,2684,0.9329359165424739
62,44,40,61,2504,224,19.0,"[[20,2,6]]",greedy,20,7,20,2,6,180,2684,0.9329359165424739
63,44,40,61,2504,268,19.1,"[[20,2,6]]",greedy,21,7,20,2,6,180,2684,0.9329359165424739
64,41,37,64,2428,196,17.3,"[[20,2,6]]",greedy,22,7,20,2,6,196,2624,0.9253048780487805
65,41,37,64,2428,237,25.6,"[[20,2,6]]",greedy,23,7,20,2,6,196,2624,0.9253048780487805
66,40,36,66,2447,193,32.6,"[[20,2,6]]",greedy,24,7,20,2,6,193,2640,0.9268939393939394
67,39,35,67,2430,183,16.2,"[[20,2,6]]",greedy,25,7,20,2,6,183,2613,0.9299655568312285
68,38,34,68,2396,188,23.6,"[[20,2,6]]",greedy,26,7,20,2,6,188,2584,0.9272445820433437
69,37,33,69,2379,174,15.7,"[[20,2,6]]",greedy,27,7,20,2,6,174,2553,0.9318448883666275
70,37,33,69,2379,211,15.6,"[[20,2,6]]",greedy,28,7,20,2,6,174,2553,0.9318448883666275
71,37,33,69,2379,248,22.6,"[[20,2,6]]",greedy,29,7,20,2,6,174,2553,0.9318448883666275
72,36,32,72,2361,231,14.9,"[[20,2,6]]",greedy,30,7,20,2,6,231,2592,0.9108796296296297
73,35,31,73,2345,210,20.5,"[[20,2,6]]",greedy,31,7,20,2,6,210,2555,0.9178082191780822
74,34,30,74,2308,208,13.6,"[[20,2,6]]",greedy,32,7,20,2,6,208,2516,0.9173290937996821
75,34,30,74,2308,242,13.9,"[[20,2,6]]",greedy,33,7,20,2,6,208,2516,0.9173290937996821
76,33,29,76,2296,212,24.9,"[[20,2,6]]",greedy,34,7,20,2,6,212,2508,0.9154704944178629
77,33,29,76,2296,245,31.4,"[[20,2,6]]",greedy,35,7,20,2,6,212,2508,0.9154704944178629
78,33,29,76,2296,278,24.5,"[[20,2,6]]",greedy,36,7,20,2,6,212,2508,0.9154704944178629
79,33,29,76,2296,311,18.5,"[[20,2,6]]",greedy,37,7,20,2,6,212,2508,0.9154704944178629
80,32,28,80,2331,229,14.0,"[[20,2,6]]",greedy,38,7,20,2,6,229,2560,0.910546875
81,31,27,81,2243,268,22.9,"[[20,2,6]]",greedy,39,7,20,2,6,268,2511,0.8932696136997212
82,31,27,81,2243,299,12.1,"[[20,2,6]]",greedy,40,7,20,2,6,268,2511,0.8932696136997212
83,31,27,81,2243,330,13.7,"[[20,2,6]]",greedy,41,7,20,2,6,268,2511,0.8932696136997212
84,31,27,81,2243,361,17.3,"[[20,2,6]]",greedy,42,7,20,2,6,268,2511,0.8932696136997212
85,30,26,85,2306,244,11.6,"[[20,2,6]]",greedy,43,7,20,2,6,244,2550,0.9043137254901961
86,30,26,86,2288,292,11.3,"[[20,2,6]]",greedy,44,7,20,2,6,292,2580,0.8868217054263566
87,30,26,86,2288,322,21.7,"[[20,2,6]]",greedy,45,7,20,2,6,292,2580,0.8868217054263566
88,29,25,88,2289,263,11.1,"[[20,2,6]]",greedy,46,7,20,2,6,263,2552,0.8969435736677116
89,29,25,88,2289,292,10.8,"[[20,2,6]]",greedy,47,7,20,2,6,263,2552,0.8969435736677116
90,29,25,88,2289,321,15.9,"[[20,2,6]]",greedy,48,7,20,2,6,263,2552,0.8969435736677116
91,29,25,88,2289,350,10.6,"[[20,2,6]]",greedy,49,7,20,2,6,263,2552,0.8969435736677116
92,29,25,88,2289,379,10.7,"[[20,2,6]]",greedy,50,7,20,2,6,263,2552,0.8969435736677116
93,28,24,93,2326,278,10.3,"[[20,2,6]]",greedy,51,7,20,2,6,278,2604,0.8932411674347158
94,28,24,93,2326,306,15.0,"[[20,2,6]]",greedy,52,7,20,2,6,278,2604,0.8932411674347158
95,28,24,95,2326,334,15.0,"[[20,2,6]]",greedy,53,7,20,2,6,334,2660,0.8744360902255639
96,28,24,95,2326,362,14.6,"[[20,2,6]]",greedy,54,7,20,2,6,334,2660,0.8744360902255639
97,28,24,97,2304,412,18.4,"[[20,2,6]]",greedy,55,7,20,2,6,412,2716,0.8483063328424153
98,27,23,98,2330,316,14.6,"[[20,2,6]]",greedy,56,7,20,2,6,316,2646,0.8805744520030234
43,97,93,43,4100,71,56.1,"[[21,2,6]]",greedy,3,7,21,2,6,71,4171,0.9829777031886837
44,92,88,44,3952,96,79.6,"[[21,2,6]]",greedy,4,7,21,2,6,96,4048,0.9762845849802372
45,84,80,45,3702,78,48.5,"[[21,2,6]]",greedy,5,7,21,2,6,78,3780,0.9793650793650793
46,81,77,46,3659,67,43.4,"[[21,2,6]]",greedy,6,7,21,2,6,67,3726,0.9820182501341922
47,75,71,47,3426,99,40.1,"[[21,2,6]]",greedy,7,7,21,2,6,99,3525,0.9719148936170213
48,70,66,48,3250,110,53.6,"[[21,2,6]]",greedy,8,7,21,2,6,110,3360,0.9672619047619048
49,66,62,49,3137,97,33.4,"[[21,2,6]]",greedy,9,7,21,2,6,97,3234,0.9700061842918986
50,62,58,50,2992,108,30.4,"[[21,2,6]]",greedy,10,7,21,2,6,108,3100,0.9651612903225807
51,59,55,51,2919,90,29.6,"[[21,2,6]]",greedy,11,7,21,2,6,90,3009,0.9700897308075773
52,59,55,51,2919,149,30.2,"[[21,2,6]]",greedy,12,7,21,2,6,90,3009,0.9700897308075773
53,58,54,53,2955,119,28.8,"[[21,2,6]]",greedy,13,7,21,2,6,119,3074,0.961288223812622
54,55,51,54,2870,100,25.9,"[[21,2,6]]",greedy,14,7,21,2,6,100,2970,0.9663299663299664
55,53,49,55,2774,141,25.0,"[[21,2,6]]",greedy,15,7,21,2,6,141,2915,0.9516295025728988
56,50,46,56,2681,119,23.5,"[[21,2,6]]",greedy,16,7,21,2,6,119,2800,0.9575
57,50,46,56,2681,169,23.3,"[[21,2,6]]",greedy,17,7,21,2,6,119,2800,0.9575
58,49,45,58,2671,171,22.0,"[[21,2,6]]",greedy,18,7,21,2,6,171,2842,0.9398311048557354
59,46,42,59,2566,148,20.7,"[[21,2,6]]",greedy,19,7,21,2,6,148,2714,0.9454679439941046
60,45,41,60,2544,156,20.1,"[[21,2,6]]",greedy,20,7,21,2,6,156,2700,0.9422222222222222
61,45,41,60,2544,201,20.1,"[[21,2,6]]",greedy,21,7,21,2,6,156,2700,0.9422222222222222
62,45,41,60,2544,246,20.0,"[[21,2,6]]",greedy,22,7,21,2,6,156,2700,0.9422222222222222
63,44,40,63,2563,209,19.3,"[[21,2,6]]",greedy,23,7,21,2,6,209,2772,0.9246031746031746
64,43,39,64,2543,209,18.7,"[[21,2,6]]",greedy,24,7,21,2,6,209,2752,0.9240552325581395
65,41,37,65,2474,191,18.1,"[[21,2,6]]",greedy,25,7,21,2,6,191,2665,0.9283302063789869
66,41,37,65,2474,232,18.0,"[[21,2,6]]",greedy,26,7,21,2,6,191,2665,0.9283302063789869
67,40,36,67,2500,180,25.5,"[[21,2,6]]",greedy,27,7,21,2,6,180,2680,0.9328358208955224
68,40,36,67,2500,220,24.8,"[[21,2,6]]",greedy,28,7,21,2,6,180,2680,0.9328358208955224
69,38,34,69,2415,207,16.0,"[[21,2,6]]",greedy,29,7,21,2,6,207,2622,0.9210526315789473
70,38,34,69,2415,245,16.2,"[[21,2,6]]",greedy,30,7,21,2,6,207,2622,0.9210526315789473
71,38,34,69,2415,283,16.1,"[[21,2,6]]",greedy,31,7,21,2,6,207,2622,0.9210526315789473
72,38,34,69,2415,321,15.8,"[[21,2,6]]",greedy,32,7,21,2,6,207,2622,0.9210526315789473
73,37,33,73,2474,227,15.7,"[[21,2,6]]",greedy,33,7,21,2,6,227,2701,0.9159570529433543
74,37,33,73,2474,264,15.5,"[[21,2,6]]",greedy,34,7,21,2,6,227,2701,0.9159570529433543
75,36,32,75,2437,263,14.8,"[[21,2,6]]",greedy,35,7,21,2,6,263,2700,0.9025925925925926
76,35,31,76,2432,228,14.5,"[[21,2,6]]",greedy,36,7,21,2,6,228,2660,0.9142857142857143
77,35,31,77,2426,269,14.3,"[[21,2,6]]",greedy,37,7,21,2,6,269,2695,0.9001855287569573
78,35,31,77,2426,304,14.2,"[[21,2,6]]",greedy,38,7,21,2,6,269,2695,0.9001855287569573
79,34,30,79,2389,297,19.8,"[[21,2,6]]",greedy,39,7,21,2,6,297,2686,0.8894266567386448
80,33,29,80,2366,274,19.3,"[[21,2,6]]",greedy,40,7,21,2,6,274,2640,0.8962121212121212
81,33,29,80,2366,307,13.4,"[[21,2,6]]",greedy,41,7,21,2,6,274,2640,0.8962121212121212
82,33,29,80,2366,340,19.3,"[[21,2,6]]",greedy,42,7,21,2,6,274,2640,0.8962121212121212
83,32,28,83,2398,258,18.7,"[[21,2,6]]",greedy,43,7,21,2,6,258,2656,0.9028614457831325
84,32,28,84,2386,302,12.7,"[[21,2,6]]",greedy,44,7,21,2,6,302,2688,0.8876488095238095
85,32,28,84,2386,334,18.6,"[[21,2,6]]",greedy,45,7,21,2,6,302,2688,0.8876488095238095
86,29,25,86,2328,166,18.3,"[[21,2,6]]",greedy,46,7,21,2,6,166,2494,0.9334402566158782
87,29,25,86,2328,195,17.5,"[[21,2,6]]",greedy,47,7,21,2,6,166,2494,0.9334402566158782
88,29,25,86,2328,224,17.4,"[[21,2,6]]",greedy,48,7,21,2,6,166,2494,0.9334402566158782
89,29,25,86,2328,253,16.9,"[[21,2,6]]",greedy,49,7,21,2,6,166,2494,0.9334402566158782
90,29,25,86,2328,282,16.9,"[[21,2,6]]",greedy,50,7,21,2,6,166,2494,0.9334402566158782
91,29,25,86,2328,311,11.6,"[[21,2,6]]",greedy,51,7,21,2,6,166,2494,0.9334402566158782
92,29,25,86,2328,340,11.4,"[[21,2,6]]",greedy,52,7,21,2,6,166,2494,0.9334402566158782
93,29,25,86,2328,369,11.0,"[[21,2,6]]",greedy,53,7,21,2,6,166,2494,0.9334402566158782
94,29,25,86,2328,398,11.0,"[[21,2,6]]",greedy,54,7,21,2,6,166,2494,0.9334402566158782
95,28,24,95,2331,329,10.9,"[[21,2,6]]",greedy,55,7,21,2,6,329,2660,0.8763157894736842
96,28,24,95,2331,357,10.7,"[[21,2,6]]",greedy,56,7,21,2,6,329,2660,0.8763157894736842
97,28,24,95,2331,385,15.4,"[[21,2,6]]",greedy,57,7,21,2,6,329,2660,0.8763157894736842
98,28,24,95,2331,413,10.5,"[[21,2,6]]",greedy,58,7,21,2,6,329,2660,0.8763157894736842
40,52,48,40,2006,74,36.7,"[[16,3,5]]",greedy,3,7,16,3,5,74,2080,0.9644230769230769
41,51,47,41,1993,98,33.5,"[[16,3,5]]",greedy,4,7,16,3,5,98,2091,0.9531324725011956
42,48,45,42,1942,74,24.2,"[[16,3,5]]",greedy,5,7,16,3,5,74,2016,0.9632936507936508
43,47,43,43,1937,84,23.1,"[[16,3,5]]",greedy,6,7,16,3,5,84,2021,0.9584364176150421
44,44,40,44,1855,81,22.4,"[[16,3,5]]",greedy,7,7,16,3,5,81,1936,0.9581611570247934
45,43,39,45,1848,87,27.3,"[[16,3,5]]",greedy,8,7,16,3,5,87,1935,0.9550387596899225
46,41,37,46,1803,83,28.7,"[[16,3,5]]",greedy,9,7,16,3,5,83,1886,0.9559915164369035
47,40,36,47,1770,110,19.0,"[[16,3,5]]",greedy,10,7,16,3,5,110,1880,0.9414893617021277
48,40,36,47,1770,150,20.4,"[[16,3,5]]",greedy,11,7,16,3,5,110,1880,0.9414893617021277
49,39,35,49,1804,107,18.1,"[[16,3,5]]",greedy,12,7,16,3,5,107,1911,0.9440083725798012
50,37,33,50,1747,103,22.4,"[[16,3,5]]",greedy,13,7,16,3,5,103,1850,0.9443243243243243
51,37,33,50,1747,140,17.5,"[[16,3,5]]",greedy,14,7,16,3,5,103,1850,0.9443243243243243
52,36,32,52,1764,108,16.9,"[[16,3,5]]",greedy,15,7,16,3,5,108,1872,0.9423076923076923
53,36,32,52,1764,144,17.3,"[[16,3,5]]",greedy,16,7,16,3,5,108,1872,0.9423076923076923
54,35,31,54,1760,130,15.7,"[[16,3,5]]",greedy,17,7,16,3,5,130,1890,0.9312169312169312
55,35,31,54,1760,165,16.3,"[[16,3,5]]",greedy,18,7,16,3,5,130,1890,0.9312169312169312
56,34,30,56,1760,144,15.3,"[[16,3,5]]",greedy,19,7,16,3,5,144,1904,0.9243697478991597
57,34,30,56,1760,178,17.9,"[[16,3,5]]",greedy,20,7,16,3,5,144,1904,0.9243697478991597
58,34,30,56,1760,212,15.9,"[[16,3,5]]",greedy,21,7,16,3,5,144,1904,0.9243697478991597
59,32,28,59,1746,142,19.1,"[[16,3,5]]",greedy,22,7,16,3,5,142,1888,0.9247881355932204
60,32,28,60,1729,191,15.2,"[[16,3,5]]",greedy,23,7,16,3,5,191,1920,0.9005208333333333
61,31,27,61,1709,182,12.7,"[[16,3,5]]",greedy,24,7,16,3,5,182,1891,0.9037546271813856
62,31,27,61,1709,213,13.3,"[[16,3,5]]",greedy,25,7,16,3,5,182,1891,0.9037546271813856
63,30,26,63,1718,172,13.6,"[[16,3,5]]",greedy,26,7,16,3,5,172,1890,0.908994708994709
64,30,26,63,1718,202,12.4,"[[16,3,5]]",greedy,27,7,16,3,5,172,1890,0.908994708994709
65,30,26,63,1718,232,17.3,"[[16,3,5]]",greedy,28,7,16,3,5,172,1890,0.908994708994709
66,30,26,63,1718,262,13.3,"[[16,3,5]]",greedy,29,7,16,3,5,172,1890,0.908994708994709
67,30,26,63,1718,292,12.0,"[[16,3,5]]",greedy,30,7,16,3,5,172,1890,0.908994708994709
68,29,25,68,1755,217,13.0,"[[16,3,5]]",greedy,31,7,16,3,5,217,1972,0.8899594320486816
69,29,25,69,1736,265,12.5,"[[16,3,5]]",greedy,32,7,16,3,5,265,2001,0.8675662168915542
70,29,25,69,1736,294,11.8,"[[16,3,5]]",greedy,33,7,16,3,5,265,2001,0.8675662168915542
71,28,24,71,1786,202,14.6,"[[16,3,5]]",greedy,34,7,16,3,5,202,1988,0.8983903420523138
72,28,24,71,1786,230,13.1,"[[16,3,5]]",greedy,35,7,16,3,5,202,1988,0.8983903420523138
73,27,23,73,1786,185,15.7,"[[16,3,5]]",greedy,36,7,16,3,5,185,1971,0.9061390157280568
74,27,23,73,1786,212,14.3,"[[16,3,5]]",greedy,37,7,16,3,5,185,1971,0.9061390157280568
75,27,23,73,1786,239,12.2,"[[16,3,5]]",greedy,38,7,16,3,5,185,1971,0.9061390157280568
76,27,23,73,1786,266,12.4,"[[16,3,5]]",greedy,39,7,16,3,5,185,1971,0.9061390157280568
77,27,23,73,1786,293,14.2,"[[16,3,5]]",greedy,40,7,16,3,5,185,1971,0.9061390157280568
78,27,23,73,1786,320,10.7,"[[16,3,5]]",greedy,41,7,16,3,5,185,1971,0.9061390157280568
79,27,23,73,1786,347,7.3,"[[16,3,5]]",greedy,42,7,16,3,5,185,1971,0.9061390157280568
80,27,23,73,1786,374,7.1,"[[16,3,5]]",greedy,43,7,16,3,5,185,1971,0.9061390157280568
81,26,22,81,1881,225,12.6,"[[16,3,5]]",greedy,44,7,16,3,5,225,2106,0.8931623931623932
82,26,22,82,1881,251,10.2,"[[16,3,5]]",greedy,45,7,16,3,5,251,2132,0.8822701688555347
83,26,22,82,1881,277,10.1,"[[16,3,5]]",greedy,46,7,16,3,5,251,2132,0.8822701688555347
84,26,22,82,1881,303,10.9,"[[16,3,5]]",greedy,47,7,16,3,5,251,2132,0.8822701688555347
85,26,22,82,1881,329,10.7,"[[16,3,5]]",greedy,48,7,16,3,5,251,2132,0.8822701688555347
86,24,20,86,1859,205,12.5,"[[16,3,5]]",greedy,49,7,16,3,5,205,2064,0.9006782945736435
87,24,20,86,1859,229,11.9,"[[16,3,5]]",greedy,50,7,16,3,5,205,2064,0.9006782945736435
88,24,20,88,1856,256,12.0,"[[16,3,5]]",greedy,51,7,16,3,5,256,2112,0.8787878787878788
89,24,20,88,1856,280,9.2,"[[16,3,5]]",greedy,52,7,16,3,5,256,2112,0.8787878787878788
90,24,20,88,1856,304,8.6,"[[16,3,5]]",greedy,53,7,16,3,5,256,2112,0.8787878787878788
91,23,19,91,1830,263,9.7,"[[16,3,5]]",greedy,54,7,16,3,5,263,2093,0.8743430482560918
92,23,19,91,1830,286,8.7,"[[16,3,5]]",greedy,55,7,16,3,5,263,2093,0.8743430482560918
93,23,19,91,1830,309,8.5,"[[16,3,5]]",greedy,56,7,16,3,5,263,2093,0.8743430482560918
94,23,19,91,1830,332,12.7,"[[16,3,5]]",greedy,57,7,16,3,5,263,2093,0.8743430482560918
95,23,19,91,1830,355,11.9,"[[16,3,5]]",greedy,58,7,16,3,5,263,2093,0.8743430482560918
96,23,19,91,1830,378,8.3,"[[16,3,5]]",greedy,59,7,16,3,5,263,2093,0.8743430482560918
97,23,19,91,1830,401,10.9,"[[16,3,5]]",greedy,60,7,16,3,5,263,2093,0.8743430482560918
98,23,19,91,1830,424,10.8,"[[16,3,5]]",greedy,61,7,16,3,5,263,2093,0.8743430482560918
41,97,93,41,3873,104,119.2,"[[19,2,6]]",greedy,3,7,19,2,6,104,3977,0.9738496354035705
42,88,84,42,3617,79,67.2,"[[19,2,6]]",greedy,4,7,19,2,6,79,3696,0.9786255411255411
43,81,77,43,3394,89,74.4,"[[19,2,6]]",greedy,5,7,19,2,6,89,3483,0.9744473155325869
44,73,69,44,3127,85,66.2,"[[19,2,6]]",greedy,6,7,19,2,6,85,3212,0.9735367372353674
45,69,65,45,2991,114,60.9,"[[19,2,6]]",greedy,7,7,19,2,6,114,3105,0.9632850241545894
46,67,63,46,2965,117,69.9,"[[19,2,6]]",greedy,8,7,19,2,6,117,3082,0.9620376378974692
47,64,60,47,2906,102,43.5,"[[19,2,6]]",greedy,9,7,19,2,6,102,3008,0.9660904255319149
48,59,55,48,2726,106,39.2,"[[19,2,6]]",greedy,10,7,19,2,6,106,2832,0.9625706214689266
49,56,52,49,2649,95,29.0,"[[19,2,6]]",greedy,11,7,19,2,6,95,2744,0.9653790087463557
50,54,50,50,2616,84,35.7,"[[19,2,6]]",greedy,12,7,19,2,6,84,2700,0.9688888888888889
51,53,49,51,2551,152,23.4,"[[19,2,6]]",greedy,13,7,19,2,6,152,2703,0.9437661857195708
52,51,47,52,2542,110,21.9,"[[19,2,6]]",greedy,14,7,19,2,6,110,2652,0.9585218702865762
53,49,45,53,2477,120,32.6,"[[19,2,6]]",greedy,15,7,19,2,6,120,2597,0.9537928378898729
54,47,43,54,2434,104,42.2,"[[19,2,6]]",greedy,16,7,19,2,6,104,2538,0.959022852639874
55,46,42,55,2431,99,32.4,"[[19,2,6]]",greedy,17,7,19,2,6,99,2530,0.9608695652173913
56,46,42,55,2431,145,35.0,"[[19,2,6]]",greedy,18,7,19,2,6,99,2530,0.9608695652173913
57,43,39,57,2329,122,28.3,"[[19,2,6]]",greedy,19,7,19,2,6,122,2451,0.9502243982048144
58,43,39,57,2329,165,27.8,"[[19,2,6]]",greedy,20,7,19,2,6,122,2451,0.9502243982048144
59,43,39,57,2329,208,28.4,"[[19,2,6]]",greedy,21,7,19,2,6,122,2451,0.9502243982048144
60,42,38,60,2412,108,20.0,"[[19,2,6]]",greedy,22,7,19,2,6,108,2520,0.9571428571428572
61,42,38,61,2392,170,28.0,"[[19,2,6]]",greedy,23,7,19,2,6,170,2562,0.9336455893832943
62,40,36,62,2329,151,25.2,"[[19,2,6]]",greedy,24,7,19,2,6,151,2480,0.9391129032258064
63,40,36,62,2329,191,31.5,"[[19,2,6]]",greedy,25,7,19,2,6,151,2480,0.9391129032258064
64,39,35,64,2345,151,24.5,"[[19,2,6]]",greedy,26,7,19,2,6,151,2496,0.9395032051282052
65,39,35,64,2345,190,15.3,"[[19,2,6]]",greedy,27,7,19,2,6,151,2496,0.9395032051282052
66,38,34,66,2310,198,28.8,"[[19,2,6]]",greedy,28,7,19,2,6,198,2508,0.9210526315789473
67,38,34,66,2310,236,21.8,"[[19,2,6]]",greedy,29,7,19,2,6,198,2508,0.9210526315789473
68,37,33,68,2384,132,29.1,"[[19,2,6]]",greedy,30,7,19,2,6,132,2516,0.9475357710651828
69,36,32,69,2305,179,22.1,"[[19,2,6]]",greedy,31,7,19,2,6,179,2484,0.927938808373591
70,35,31,70,2267,183,14.0,"[[19,2,6]]",greedy,32,7,19,2,6,183,2450,0.9253061224489796
71,35,31,70,2267,218,21.6,"[[19,2,6]]",greedy,33,7,19,2,6,183,2450,0.9253061224489796
72,34,30,72,2246,202,19.4,"[[19,2,6]]",greedy,34,7,19,2,6,202,2448,0.9174836601307189
73,34,30,72,2246,236,19.3,"[[19,2,6]]",greedy,35,7,19,2,6,202,2448,0.9174836601307189
74,33,29,74,2257,185,13.2,"[[19,2,6]]",greedy,36,7,19,2,6,185,2442,0.9242424242424242
75,33,29,74,2257,218,28.2,"[[19,2,6]]",greedy,37,7,19,2,6,185,2442,0.9242424242424242
76,33,29,74,2257,251,19.3,"[[19,2,6]]",greedy,38,7,19,2,6,185,2442,0.9242424242424242
77,33,29,74,2257,284,26.1,"[[19,2,6]]",greedy,39,7,19,2,6,185,2442,0.9242424242424242
78,33,29,74,2257,317,12.6,"[[19,2,6]]",greedy,40,7,19,2,6,185,2442,0.9242424242424242
79,32,28,79,2314,214,12.4,"[[19,2,6]]",greedy,41,7,19,2,6,214,2528,0.9153481012658228
80,32,28,79,2314,246,12.3,"[[19,2,6]]",greedy,42,7,19,2,6,214,2528,0.9153481012658228
81,32,28,79,2314,278,17.6,"[[19,2,6]]",greedy,43,7,19,2,6,214,2528,0.9153481012658228
82,31,27,82,2322,220,16.7,"[[19,2,6]]",greedy,44,7,19,2,6,220,2542,0.9134539732494099
83,30,26,83,2303,187,22.7,"[[19,2,6]]",greedy,45,7,19,2,6,187,2490,0.9248995983935743
84,30,26,83,2303,217,11.3,"[[19,2,6]]",greedy,46,7,19,2,6,187,2490,0.9248995983935743
85,30,26,83,2303,247,21.0,"[[19,2,6]]",greedy,47,7,19,2,6,187,2490,0.9248995983935743
86,29,25,86,2284,210,20.6,"[[19,2,6]]",greedy,48,7,19,2,6,210,2494,0.9157979149959904
87,29,25,86,2284,239,17.2,"[[19,2,6]]",greedy,49,7,19,2,6,210,2494,0.9157979149959904
88,29,25,86,2284,268,11.0,"[[19,2,6]]",greedy,50,7,19,2,6,210,2494,0.9157979149959904
89,29,25,86,2284,297,15.9,"[[19,2,6]]",greedy,51,7,19,2,6,210,2494,0.9157979149959904
90,29,25,86,2284,326,16.4,"[[19,2,6]]",greedy,52,7,19,2,6,210,2494,0.9157979149959904
91,29,25,86,2284,355,14.7,"[[19,2,6]]",greedy,53,7,19,2,6,210,2494,0.9157979149959904
92,28,24,92,2285,291,9.8,"[[19,2,6]]",greedy,54,7,19,2,6,291,2576,0.8870341614906833
93,28,24,92,2285,319,15.3,"[[19,2,6]]",greedy,55,7,19,2,6,291,2576,0.8870341614906833
94,28,24,92,2285,347,9.7,"[[19,2,6]]",greedy,56,7,19,2,6,291,2576,0.8870341614906833
95,27,23,95,2272,293,9.5,"[[19,2,6]]",greedy,57,7,19,2,6,293,2565,0.8857699805068227
96,27,23,95,2272,320,9.6,"[[19,2,6]]",greedy,58,7,19,2,6,293,2565,0.8857699805068227
97,27,23,95,2272,347,14.2,"[[19,2,6]]",greedy,59,7,19,2,6,293,2565,0.8857699805068227
98,27,23,95,2272,374,12.3,"[[19,2,6]]",greedy,60,7,19,2,6,293,2565,0.8857699805068227
43,97,93,43,4100,71,103.6,"[[21,2,6]]",annealed,3,7,21,2,6,71,4171,0.9829777031886837
44,97,93,43,4100,168,48.1,"[[21,2,6]]",annealed,4,7,21,2,6,71,4171,0.9829777031886837
45,97,93,43,4100,265,46.8,"[[21,2,6]]",annealed,5,7,21,2,6,71,4171,0.9829777031886837
46,97,93,43,4100,362,46.1,"[[21,2,6]]",annealed,6,7,21,2,6,71,4171,0.9829777031886837
47,94,90,47,4255,163,45.7,"[[21,2,6]]",annealed,7,7,21,2,6,163,4418,0.9631054775916704
48,92,88,48,4245,171,45.5,"[[21,2,6]]",annealed,8,7,21,2,6,171,4416,0.9612771739130435
49,86,82,49,4026,188,45.2,"[[21,2,6]]",annealed,9,7,21,2,6,188,4214,0.9553868058851448
50,86,82,49,4026,274,45.1,"[[21,2,6]]",annealed,10,7,21,2,6,188,4214,0.9553868058851448
51,84,80,51,4090,194,45.4,"[[21,2,6]]",annealed,11,7,21,2,6,194,4284,0.9547152194211018
52,83,79,52,4111,205,45.3,"[[21,2,6]]",annealed,12,7,21,2,6,205,4316,0.9525023169601483
53,80,76,53,4008,232,47.5,"[[21,2,6]]",annealed,13,7,21,2,6,232,4240,0.9452830188679245
54,78,74,54,4033,179,49.0,"[[21,2,6]]",annealed,14,7,21,2,6,179,4212,0.9575023741690408
55,70,67,55,3628,222,46.6,"[[21,2,6]]",annealed,15,7,21,2,6,222,3850,0.9423376623376624
56,70,67,55,3628,292,45.8,"[[21,2,6]]",annealed,16,7,21,2,6,222,3850,0.9423376623376624
57,70,67,55,3628,362,46.4,"[[21,2,6]]",annealed,17,7,21,2,6,222,3850,0.9423376623376624
58,70,67,55,3628,432,45.5,"[[21,2,6]]",annealed,18,7,21,2,6,222,3850,0.9423376623376624
59,68,64,59,3814,198,45.7,"[[21,2,6]]",annealed,19,7,21,2,6,198,4012,0.9506480558325024
60,68,64,59,3814,266,45.1,"[[21,2,6]]",annealed,20,7,21,2,6,198,4012,0.9506480558325024
61,63,60,61,3574,269,45.7,"[[21,2,6]]",annealed,21,7,21,2,6,269,3843,0.9300026021337496
62,63,60,61,3574,332,45.6,"[[21,2,6]]",annealed,22,7,21,2,6,269,3843,0.9300026021337496
63,63,60,61,3574,395,45.7,"[[21,2,6]]",annealed,23,7,21,2,6,269,3843,0.9300026021337496
64,60,56,64,3565,275,45.6,"[[21,2,6]]",annealed,24,7,21,2,6,275,3840,0.9283854166666666
65,60,56,64,3565,335,45.3,"[[21,2,6]]",annealed,25,7,21,2,6,275,3840,0.9283854166666666
66,60,56,64,3565,395,45.4,"[[21,2,6]]",annealed,26,7,21,2,6,275,3840,0.9283854166666666
67,60,56,64,3565,455,46.3,"[[21,2,6]]",annealed,27,7,21,2,6,275,3840,0.9283854166666666
68,58,54,68,3481,463,45.6,"[[21,2,6]]",annealed,28,7,21,2,6,463,3944,0.882606490872211
69,57,54,69,3633,300,48.7,"[[21,2,6]]",annealed,29,7,21,2,6,300,3933,0.92372234935164
70,57,54,69,3633,357,46.0,"[[21,2,6]]",annealed,30,7,21,2,6,300,3933,0.92372234935164
71,57,54,69,3633,414,45.8,"[[21,2,6]]",annealed,31,7,21,2,6,300,3933,0.92372234935164
72,55,51,72,3653,307,46.0,"[[21,2,6]]",annealed,32,7,21,2,6,307,3960,0.9224747474747474
73,55,51,72,3653,362,46.9,"[[21,2,6]]",annealed,33,7,21,2,6,307,3960,0.9224747474747474
74,53,49,74,3647,275,46.7,"[[21,2,6]]",annealed,34,7,21,2,6,275,3922,0.9298827129015809
75,53,49,74,3647,328,47.9,"[[21,2,6]]",annealed,35,7,21,2,6,275,3922,0.9298827129015809
76,53,49,74,3647,381,45.1,"[[21,2,6]]",annealed,36,7,21,2,6,275,3922,0.9298827129015809
77,52,49,77,3641,363,44.9,"[[21,2,6]]",annealed,37,7,21,2,6,363,4004,0.9093406593406593
78,52,49,78,3625,431,45.1,"[[21,2,6]]",annealed,38,7,21,2,6,431,4056,0.8937376725838264
79,52,49,78,3625,483,44.8,"[[21,2,6]]",annealed,39,7,21,2,6,431,4056,0.8937376725838264
80,52,49,78,3625,535,44.6,"[[21,2,6]]",annealed,40,7,21,2,6,431,4056,0.8937376725838264
81,51,47,81,3858,273,44.6,"[[21,2,6]]",annealed,41,7,21,2,6,273,4131,0.9339143064633261
82,51,47,81,3858,324,44.7,"[[21,2,6]]",annealed,42,7,21,2,6,273,4131,0.9339143064633261
83,51,47,81,3858,375,44.3,"[[21,2,6]]",annealed,43,7,21,2,6,273,4131,0.9339143064633261
84,51,47,84,3855,429,44.8,"[[21,2,6]]",annealed,44,7,21,2,6,429,4284,0.8998599439775911
85,50,46,85,3886,364,44.9,"[[21,2,6]]",annealed,45,7,21,2,6,364,4250,0.9143529411764706
86,50,46,85,3886,414,44.7,"[[21,2,6]]",annealed,46,7,21,2,6,364,4250,0.9143529411764706
87,50,46,85,3886,464,44.6,"[[21,2,6]]",annealed,47,7,21,2,6,364,4250,0.9143529411764706
88,48,44,88,3899,325,44.6,"[[21,2,6]]",annealed,48,7,21,2,6,325,4224,0.9230587121212122
89,45,41,89,3709,296,45.1,"[[21,2,6]]",annealed,49,7,21,2,6,296,4005,0.9260923845193508
90,45,41,89,3709,341,46.9,"[[21,2,6]]",annealed,50,7,21,2,6,296,4005,0.9260923845193508
91,45,41,89,3709,386,45.9,"[[21,2,6]]",annealed,51,7,21,2,6,296,4005,0.9260923845193508
92,45,41,89,3709,431,44.6,"[[21,2,6]]",annealed,52,7,21,2,6,296,4005,0.9260923845193508
93,45,41,89,3709,476,46.0,"[[21,2,6]]",annealed,53,7,21,2,6,296,4005,0.9260923845193508
94,45,41,89,3709,521,47.7,"[[21,2,6]]",annealed,54,7,21,2,6,296,4005,0.9260923845193508
95,45,41,89,3709,566,45.8,"[[21,2,6]]",annealed,55,7,21,2,6,296,4005,0.9260923845193508
96,44,40,96,3873,351,46.4,"[[21,2,6]]",annealed,56,7,21,2,6,351,4224,0.9169034090909091
97,44,40,96,3873,395,45.2,"[[21,2,6]]",annealed,57,7,21,2,6,351,4224,0.9169034090909091
98,43,39,98,3883,331,45.0,"[[21,2,6]]",annealed,58,7,21,2,6,331,4214,0.9214523018509729
45,85,81,45,3704,121,93.8,"[[20,2,6]]",annealed,3,7,20,2,6,121,3825,0.9683660130718954
46,84,80,46,3676,188,46.5,"[[20,2,6]]",annealed,4,7,20,2,6,188,3864,0.9513457556935818
47,84,80,46,3676,272,47.1,"[[20,2,6]]",annealed,5,7,20,2,6,188,3864,0.9513457556935818
48,84,80,46,3676,356,45.7,"[[20,2,6]]",annealed,6,7,20,2,6,188,3864,0.9513457556935818
49,84,80,46,3676,440,45.2,"[[20,2,6]]",annealed,7,7,20,2,6,188,3864,0.9513457556935818
50,82,78,50,3941,159,45.0,"[[20,2,6]]",annealed,8,7,20,2,6,159,4100,0.9612195121951219
51,82,78,50,3941,241,46.0,"[[20,2,6]]",annealed,9,7,20,2,6,159,4100,0.9612195121951219
52,77,73,52,3777,227,45.9,"[[20,2,6]]",annealed,10,7,20,2,6,227,4004,0.9433066933066933
53,77,73,52,3777,304,45.4,"[[20,2,6]]",annealed,11,7,20,2,6,227,4004,0.9433066933066933
54,77,73,52,3777,381,44.5,"[[20,2,6]]",annealed,12,7,20,2,6,227,4004,0.9433066933066933
55,73,69,55,3765,250,45.3,"[[20,2,6]]",annealed,13,7,20,2,6,250,4015,0.937733499377335
56,72,68,56,3792,240,46.4,"[[20,2,6]]",annealed,14,7,20,2,6,240,4032,0.9404761904761905
57,72,68,56,3788,316,46.8,"[[20,2,6]]",annealed,15,7,20,2,6,244,4032,0.939484126984127
58,64,61,58,3540,172,46.9,"[[20,2,6]]",annealed,16,7,20,2,6,172,3712,0.9536637931034483
59,64,61,58,3540,236,45.6,"[[20,2,6]]",annealed,17,7,20,2,6,172,3712,0.9536637931034483
60,64,61,58,3540,300,46.3,"[[20,2,6]]",annealed,18,7,20,2,6,172,3712,0.9536637931034483
61,64,61,58,3540,364,45.5,"[[20,2,6]]",annealed,19,7,20,2,6,172,3712,0.9536637931034483
62,64,61,58,3540,428,46.6,"[[20,2,6]]",annealed,20,7,20,2,6,172,3712,0.9536637931034483
63,64,61,58,3540,492,45.6,"[[20,2,6]]",annealed,21,7,20,2,6,172,3712,0.9536637931034483
64,63,59,64,3760,272,45.8,"[[20,2,6]]",annealed,22,7,20,2,6,272,4032,0.9325396825396826
65,63,59,64,3760,335,46.3,"[[20,2,6]]",annealed,23,7,20,2,6,272,4032,0.9325396825396826
66,61,58,66,3831,195,49.9,"[[20,2,6]]",annealed,24,7,20,2,6,195,4026,0.9515648286140089
67,57,53,67,3578,241,45.0,"[[20,2,6]]",annealed,25,7,20,2,6,241,3819,0.9368944749934538
68,57,53,67,3578,298,45.5,"[[20,2,6]]",annealed,26,7,20,2,6,241,3819,0.9368944749934538
69,57,53,67,3578,355,46.5,"[[20,2,6]]",annealed,27,7,20,2,6,241,3819,0.9368944749934538
70,55,51,70,3577,273,46.2,"[[20,2,6]]",annealed,28,7,20,2,6,273,3850,0.9290909090909091
71,55,51,70,3577,328,51.7,"[[20,2,6]]",annealed,29,7,20,2,6,273,3850,0.9290909090909091
72,55,51,70,3577,383,69.9,"[[20,2,6]]",annealed,30,7,20,2,6,273,3850,0.9290909090909091
73,55,51,70,3577,438,54.6,"[[20,2,6]]",annealed,31,7,20,2,6,273,3850,0.9290909090909091
74,55,51,70,3577,493,45.1,"[[20,2,6]]",annealed,32,7,20,2,6,273,3850,0.9290909090909091
75,55,51,70,3577,548,45.7,"[[20,2,6]]",annealed,33,7,20,2,6,273,3850,0.9290909090909091
76,53,49,76,3714,314,45.0,"[[20,2,6]]",annealed,34,7,20,2,6,314,4028,0.9220456802383317
77,52,48,77,3688,316,51.6,"[[20,2,6]]",annealed,35,7,20,2,6,316,4004,0.9210789210789211
78,52,48,77,3688,368,46.7,"[[20,2,6]]",annealed,36,7,20,2,6,316,4004,0.9210789210789211
79,48,44,79,3489,303,52.2,"[[20,2,6]]",annealed,37,7,20,2,6,303,3792,0.9200949367088608
80,48,44,79,3489,351,46.9,"[[20,2,6]]",annealed,38,7,20,2,6,303,3792,0.9200949367088608
81,48,44,79,3489,399,56.6,"[[20,2,6]]",annealed,39,7,20,2,6,303,3792,0.9200949367088608
82,48,44,79,3489,447,45.2,"[[20,2,6]]",annealed,40,7,20,2,6,303,3792,0.9200949367088608
83,48,44,79,3489,495,45.0,"[[20,2,6]]",annealed,41,7,20,2,6,303,3792,0.9200949367088608
84,47,43,84,3643,305,44.9,"[[20,2,6]]",annealed,42,7,20,2,6,305,3948,0.9227456940222898
85,45,41,85,3532,293,49.7,"[[20,2,6]]",annealed,43,7,20,2,6,293,3825,0.9233986928104575
86,45,41,85,3532,338,44.7,"[[20,2,6]]",annealed,44,7,20,2,6,293,3825,0.9233986928104575
87,45,41,85,3532,383,44.9,"[[20,2,6]]",annealed,45,7,20,2,6,293,3825,0.9233986928104575
88,45,41,85,3532,428,46.5,"[[20,2,6]]",annealed,46,7,20,2,6,293,3825,0.9233986928104575
89,45,41,85,3532,473,47.1,"[[20,2,6]]",annealed,47,7,20,2,6,293,3825,0.9233986928104575
90,45,41,85,3532,518,44.6,"[[20,2,6]]",annealed,48,7,20,2,6,293,3825,0.9233986928104575
91,45,41,85,3532,563,50.3,"[[20,2,6]]",annealed,49,7,20,2,6,293,3825,0.9233986928104575
92,44,40,92,3632,416,45.0,"[[20,2,6]]",annealed,50,7,20,2,6,416,4048,0.8972332015810277
93,44,40,92,3632,460,45.1,"[[20,2,6]]",annealed,51,7,20,2,6,416,4048,0.8972332015810277
94,44,40,92,3632,504,47.1,"[[20,2,6]]",annealed,52,7,20,2,6,416,4048,0.8972332015810277
95,44,40,92,3632,548,46.1,"[[20,2,6]]",annealed,53,7,20,2,6,416,4048,0.8972332015810277
96,44,40,92,3632,592,45.1,"[[20,2,6]]",annealed,54,7,20,2,6,416,4048,0.8972332015810277
97,43,39,97,3825,346,45.2,"[[20,2,6]]",annealed,55,7,20,2,6,346,4171,0.9170462718772476
98,43,39,97,3825,389,44.4,"[[20,2,6]]",annealed,56,7,20,2,6,346,4171,0.9170462718772476
39,105,101,39,3997,98,116.3,"[[17,2,6]]",annealed,3,7,17,2,6,98,4095,0.976068376068376
40,105,101,39,3997,203,46.7,"[[17,2,6]]",annealed,4,7,17,2,6,98,4095,0.976068376068376
41,105,101,39,3997,308,45.9,"[[17,2,6]]",annealed,5,7,17,2,6,98,4095,0.976068376068376
42,105,101,39,3997,413,45.7,"[[17,2,6]]",annealed,6,7,17,2,6,98,4095,0.976068376068376
43,100,96,43,4118,182,45.8,"[[17,2,6]]",annealed,7,7,17,2,6,182,4300,0.9576744186046512
44,90,86,44,3790,170,44.7,"[[17,2,6]]",annealed,8,7,17,2,6,170,3960,0.9570707070707071
45,90,86,44,3790,260,46.0,"[[17,2,6]]",annealed,9,7,17,2,6,170,3960,0.9570707070707071
46,87,84,46,3825,177,45.0,"[[17,2,6]]",annealed,10,7,17,2,6,177,4002,0.9557721139430285
47,84,81,47,3741,207,44.8,"[[17,2,6]]",annealed,11,7,17,2,6,207,3948,0.9475683890577508
48,81,78,48,3734,154,44.3,"[[17,2,6]]",annealed,12,7,17,2,6,154,3888,0.9603909465020576
49,79,76,49,3656,215,43.7,"[[17,2,6]]",annealed,13,7,17,2,6,215,3871,0.9444587961766985
50,75,71,50,3531,219,44.2,"[[17,2,6]]",annealed,14,7,17,2,6,219,3750,0.9416
51,75,71,50,3531,294,44.2,"[[17,2,6]]",annealed,15,7,17,2,6,219,3750,0.9416
52,73,70,52,3570,226,43.8,"[[17,2,6]]",annealed,16,7,17,2,6,226,3796,0.940463645943098
53,69,65,53,3431,226,44.1,"[[17,2,6]]",annealed,17,7,17,2,6,226,3657,0.9382007109652721
54,67,64,54,3405,213,43.5,"[[17,2,6]]",annealed,18,7,17,2,6,213,3618,0.9411276948590381
55,65,61,55,3370,205,43.8,"[[17,2,6]]",annealed,19,7,17,2,6,205,3575,0.9426573426573427
56,64,60,56,3379,205,43.5,"[[17,2,6]]",annealed,20,7,17,2,6,205,3584,0.9428013392857143
57,63,59,57,3356,235,43.6,"[[17,2,6]]",annealed,21,7,17,2,6,235,3591,0.934558618769145
58,63,59,57,3356,298,43.7,"[[17,2,6]]",annealed,22,7,17,2,6,235,3591,0.934558618769145
59,59,55,59,3230,251,48.6,"[[17,2,6]]",annealed,23,7,17,2,6,251,3481,0.9278942832519391
60,58,54,60,3257,223,46.6,"[[17,2,6]]",annealed,24,7,17,2,6,223,3480,0.9359195402298851
61,58,54,60,3257,281,47.5,"[[17,2,6]]",annealed,25,7,17,2,6,223,3480,0.9359195402298851
62,58,54,60,3257,339,46.3,"[[17,2,6]]",annealed,26,7,17,2,6,223,3480,0.9359195402298851
63,58,54,60,3257,397,44.8,"[[17,2,6]]",annealed,27,7,17,2,6,223,3480,0.9359195402298851
64,58,54,60,3257,455,44.8,"[[17,2,6]]",annealed,28,7,17,2,6,223,3480,0.9359195402298851
65,58,54,60,3257,513,44.2,"[[17,2,6]]",annealed,29,7,17,2,6,223,3480,0.9359195402298851
66,58,54,60,3257,571,45.4,"[[17,2,6]]",annealed,30,7,17,2,6,223,3480,0.9359195402298851
67,56,52,67,3458,294,44.3,"[[17,2,6]]",annealed,31,7,17,2,6,294,3752,0.9216417910447762
68,55,51,68,3407,333,44.4,"[[17,2,6]]",annealed,32,7,17,2,6,333,3740,0.9109625668449198
69,53,49,69,3362,295,44.9,"[[17,2,6]]",annealed,33,7,17,2,6,295,3657,0.9193327864369701
70,53,49,69,3362,348,45.2,"[[17,2,6]]",annealed,34,7,17,2,6,295,3657,0.9193327864369701
71,53,49,69,3362,401,45.0,"[[17,2,6]]",annealed,35,7,17,2,6,295,3657,0.9193327864369701
72,51,47,71,3402,270,45.8,"[[17,2,6]]",annealed,36,7,17,2,6,219,3621,0.9395194697597349
73,51,47,71,3402,321,46.9,"[[17,2,6]]",annealed,37,7,17,2,6,219,3621,0.9395194697597349
74,50,46,74,3401,299,44.8,"[[17,2,6]]",annealed,38,7,17,2,6,299,3700,0.9191891891891892
75,50,46,74,3401,349,44.8,"[[17,2,6]]",annealed,39,7,17,2,6,299,3700,0.9191891891891892
76,50,46,74,3401,399,44.7,"[[17,2,6]]",annealed,40,7,17,2,6,299,3700,0.9191891891891892
77,47,43,77,3321,298,46.6,"[[17,2,6]]",annealed,41,7,17,2,6,298,3619,0.9176568112738326
78,47,43,77,3321,345,45.8,"[[17,2,6]]",annealed,42,7,17,2,6,298,3619,0.9176568112738326
79,47,43,77,3321,392,44.7,"[[17,2,6]]",annealed,43,7,17,2,6,298,3619,0.9176568112738326
80,47,43,77,3321,439,46.2,"[[17,2,6]]",annealed,44,7,17,2,6,298,3619,0.9176568112738326
81,47,43,77,3321,486,46.4,"[[17,2,6]]",annealed,45,7,17,2,6,298,3619,0.9176568112738326
82,47,43,77,3321,533,45.9,"[[17,2,6]]",annealed,46,7,17,2,6,298,3619,0.9176568112738326
83,47,43,77,3321,580,45.0,"[[17,2,6]]",annealed,47,7,17,2,6,298,3619,0.9176568112738326
84,47,43,77,3321,627,46.1,"[[17,2,6]]",annealed,48,7,17,2,6,298,3619,0.9176568112738326
85,46,42,85,3648,262,44.5,"[[17,2,6]]",annealed,49,7,17,2,6,262,3910,0.9329923273657289
86,46,42,85,3648,308,46.4,"[[17,2,6]]",annealed,50,7,17,2,6,262,3910,0.9329923273657289
87,46,42,85,3648,354,45.0,"[[17,2,6]]",annealed,51,7,17,2,6,262,3910,0.9329923273657289
88,43,40,88,3489,295,45.5,"[[17,2,6]]",annealed,52,7,17,2,6,295,3784,0.9220401691331924
89,43,40,88,3489,338,46.7,"[[17,2,6]]",annealed,53,7,17,2,6,295,3784,0.9220401691331924
90,43,40,88,3489,381,45.5,"[[17,2,6]]",annealed,54,7,17,2,6,295,3784,0.9220401691331924
91,43,40,88,3489,424,45.8,"[[17,2,6]]",annealed,55,7,17,2,6,295,3784,0.9220401691331924
92,42,38,92,3575,289,46.7,"[[17,2,6]]",annealed,56,7,17,2,6,289,3864,0.9252070393374742
93,42,38,92,3575,331,45.5,"[[17,2,6]]",annealed,57,7,17,2,6,289,3864,0.9252070393374742
94,42,38,92,3575,373,46.1,"[[17,2,6]]",annealed,58,7,17,2,6,289,3864,0.9252070393374742
95,42,38,92,3575,415,45.8,"[[17,2,6]]",annealed,59,7,17,2,6,289,3864,0.9252070393374742
96,42,38,92,3575,457,46.7,"[[17,2,6]]",annealed,60,7,17,2,6,289,3864,0.9252070393374742
97,42,38,92,3575,499,45.5,"[[17,2,6]]",annealed,61,7,17,2,6,289,3864,0.9252070393374742
98,41,37,98,3695,323,45.8,"[[17,2,6]]",annealed,62,7,17,2,6,323,4018,0.9196117471378795
40,52,48,40,2006,74,79.1,"[[16,3,5]]",annealed,3,7,16,3,5,74,2080,0.9644230769230769
41,52,48,40,2006,126,41.4,"[[16,3,5]]",annealed,4,7,16,3,5,74,2080,0.9644230769230769
42,52,48,40,2006,178,38.7,"[[16,3,5]]",annealed,5,7,16,3,5,74,2080,0.9644230769230769
43,52,48,40,2006,230,43.7,"[[16,3,5]]",annealed,6,7,16,3,5,74,2080,0.9644230769230769
44,52,48,40,2006,282,52.8,"[[16,3,5]]",annealed,7,7,16,3,5,74,2080,0.9644230769230769
45,52,48,40,2006,334,41.6,"[[16,3,5]]",annealed,8,7,16,3,5,74,2080,0.9644230769230769
46,52,48,40,2006,386,40.6,"[[16,3,5]]",annealed,9,7,16,3,5,74,2080,0.9644230769230769
47,52,48,40,2006,438,39.7,"[[16,3,5]]",annealed,10,7,16,3,5,74,2080,0.9644230769230769
48,52,48,40,2006,490,40.0,"[[16,3,5]]",annealed,11,7,16,3,5,74,2080,0.9644230769230769
49,52,48,40,2006,542,39.3,"[[16,3,5]]",annealed,12,7,16,3,5,74,2080,0.9644230769230769
50,52,48,40,2006,594,39.3,"[[16,3,5]]",annealed,13,7,16,3,5,74,2080,0.9644230769230769
51,52,48,40,2006,646,39.2,"[[16,3,5]]",annealed,14,7,16,3,5,74,2080,0.9644230769230769
52,52,48,40,2006,698,39.1,"[[16,3,5]]",annealed,15,7,16,3,5,74,2080,0.9644230769230769
53,52,48,40,2006,750,39.1,"[[16,3,5]]",annealed,16,7,16,3,5,74,2080,0.9644230769230769
54,52,48,40,2006,802,40.0,"[[16,3,5]]",annealed,17,7,16,3,5,74,2080,0.9644230769230769
55,52,48,40,2006,854,39.5,"[[16,3,5]]",annealed,18,7,16,3,5,74,2080,0.9644230769230769
56,52,48,40,2006,906,38.9,"[[16,3,5]]",annealed,19,7,16,3,5,74,2080,0.9644230769230769
57,52,48,40,2006,958,38.8,"[[16,3,5]]",annealed,20,7,16,3,5,74,2080,0.9644230769230769
58,52,48,40,2006,1010,39.0,"[[16,3,5]]",annealed,21,7,16,3,5,74,2080,0.9644230769230769
59,52,48,40,2006,1062,38.3,"[[16,3,5]]",annealed,22,7,16,3,5,74,2080,0.9644230769230769
60,52,48,40,2006,1114,39.5,"[[16,3,5]]",annealed,23,7,16,3,5,74,2080,0.9644230769230769
61,51,47,61,2500,611,38.5,"[[16,3,5]]",annealed,24,7,16,3,5,611,3111,0.8036001285760206
62,50,46,62,2858,242,39.5,"[[16,3,5]]",annealed,25,7,16,3,5,242,3100,0.9219354838709677
63,50,46,62,2858,292,38.9,"[[16,3,5]]",annealed,26,7,16,3,5,242,3100,0.9219354838709677
64,50,46,62,2858,342,38.6,"[[16,3,5]]",annealed,27,7,16,3,5,242,3100,0.9219354838709677
65,49,46,65,2956,229,39.3,"[[16,3,5]]",annealed,28,7,16,3,5,229,3185,0.9281004709576138
66,49,46,65,2956,278,40.2,"[[16,3,5]]",annealed,29,7,16,3,5,229,3185,0.9281004709576138
67,46,43,67,2847,235,37.9,"[[16,3,5]]",annealed,30,7,16,3,5,235,3082,0.9237508111615834
68,46,43,67,2847,281,38.8,"[[16,3,5]]",annealed,31,7,16,3,5,235,3082,0.9237508111615834
69,46,43,67,2847,327,39.0,"[[16,3,5]]",annealed,32,7,16,3,5,235,3082,0.9237508111615834
70,45,41,70,2859,291,38.7,"[[16,3,5]]",annealed,33,7,16,3,5,291,3150,0.9076190476190477
71,44,40,71,2862,262,38.4,"[[16,3,5]]",annealed,34,7,16,3,5,262,3124,0.9161331626120358
72,44,40,71,2862,306,38.9,"[[16,3,5]]",annealed,35,7,16,3,5,262,3124,0.9161331626120358
73,44,40,71,2862,350,38.6,"[[16,3,5]]",annealed,36,7,16,3,5,262,3124,0.9161331626120358
74,44,40,71,2862,394,38.9,"[[16,3,5]]",annealed,37,7,16,3,5,262,3124,0.9161331626120358
75,44,40,71,2862,438,39.5,"[[16,3,5]]",annealed,38,7,16,3,5,262,3124,0.9161331626120358
76,41,37,76,2818,298,38.6,"[[16,3,5]]",annealed,39,7,16,3,5,298,3116,0.9043645699614891
77,41,37,76,2818,339,38.8,"[[16,3,5]]",annealed,40,7,16,3,5,298,3116,0.9043645699614891
78,41,37,76,2818,380,41.0,"[[16,3,5]]",annealed,41,7,16,3,5,298,3116,0.9043645699614891
79,41,37,76,2818,421,38.7,"[[16,3,5]]",annealed,42,7,16,3,5,298,3116,0.9043645699614891
80,38,34,80,2804,236,38.0,"[[16,3,5]]",annealed,43,7,16,3,5,236,3040,0.9223684210526316
81,38,34,80,2804,274,37.8,"[[16,3,5]]",annealed,44,7,16,3,5,236,3040,0.9223684210526316
82,38,34,80,2804,312,38.1,"[[16,3,5]]",annealed,45,7,16,3,5,236,3040,0.9223684210526316
83,38,34,80,2804,350,38.1,"[[16,3,5]]",annealed,46,7,16,3,5,236,3040,0.9223684210526316
84,38,34,80,2804,388,38.2,"[[16,3,5]]",annealed,47,7,16,3,5,236,3040,0.9223684210526316
85,38,34,80,2804,426,38.7,"[[16,3,5]]",annealed,48,7,16,3,5,236,3040,0.9223684210526316
86,38,34,80,2804,464,38.2,"[[16,3,5]]",annealed,49,7,16,3,5,236,3040,0.9223684210526316
87,38,34,80,2804,502,37.9,"[[16,3,5]]",annealed,50,7,16,3,5,236,3040,0.9223684210526316
88,38,34,80,2804,540,38.2,"[[16,3,5]]",annealed,51,7,16,3,5,236,3040,0.9223684210526316
89,38,34,80,2804,578,38.2,"[[16,3,5]]",annealed,52,7,16,3,5,236,3040,0.9223684210526316
90,38,34,80,2804,616,37.9,"[[16,3,5]]",annealed,53,7,16,3,5,236,3040,0.9223684210526316
91,38,34,80,2804,654,40.1,"[[16,3,5]]",annealed,54,7,16,3,5,236,3040,0.9223684210526316
92,38,34,80,2804,692,39.3,"[[16,3,5]]",annealed,55,7,16,3,5,236,3040,0.9223684210526316
93,36,33,93,3007,341,39.4,"[[16,3,5]]",annealed,56,7,16,3,5,341,3348,0.8981481481481481
94,36,33,93,3007,377,37.9,"[[16,3,5]]",annealed,57,7,16,3,5,341,3348,0.8981481481481481
95,35,31,95,2903,422,37.8,"[[16,3,5]]",annealed,58,7,16,3,5,422,3325,0.8730827067669172
96,35,31,95,2903,457,38.0,"[[16,3,5]]",annealed,59,7,16,3,5,422,3325,0.8730827067669172
97,35,31,95,2903,492,37.7,"[[16,3,5]]",annealed,60,7,16,3,5,422,3325,0.8730827067669172
98,35,31,95,2903,527,38.1,"[[16,3,5]]",annealed,61,7,16,3,5,422,3325,0.8730827067669172
41,97,93,41,3873,104,157.0,"[[19,2,6]]",annealed,3,7,19,2,6,104,3977,0.9738496354035705
42,97,93,41,3873,201,47.0,"[[19,2,6]]",annealed,4,7,19,2,6,104,3977,0.9738496354035705
43,97,93,41,3873,298,46.4,"[[19,2,6]]",annealed,5,7,19,2,6,104,3977,0.9738496354035705
44,97,93,41,3873,395,46.8,"[[19,2,6]]",annealed,6,7,19,2,6,104,3977,0.9738496354035705
45,90,86,45,3885,165,46.5,"[[19,2,6]]",annealed,7,7,19,2,6,165,4050,0.9592592592592593
46,88,84,46,3882,166,47.6,"[[19,2,6]]",annealed,8,7,19,2,6,166,4048,0.95899209486166
47,88,84,46,3882,254,46.0,"[[19,2,6]]",annealed,9,7,19,2,6,166,4048,0.95899209486166
48,82,78,48,3777,159,46.3,"[[19,2,6]]",annealed,10,7,19,2,6,159,3936,0.9596036585365854
49,80,77,49,3729,191,46.0,"[[19,2,6]]",annealed,11,7,19,2,6,191,3920,0.9512755102040816
50,78,74,50,3681,219,45.0,"[[19,2,6]]",annealed,12,7,19,2,6,219,3900,0.9438461538461539
51,74,71,51,3570,204,45.0,"[[19,2,6]]",annealed,13,7,19,2,6,204,3774,0.9459459459459459
52,74,71,51,3570,278,44.5,"[[19,2,6]]",annealed,14,7,19,2,6,204,3774,0.9459459459459459
53,72,68,53,3625,191,44.6,"[[19,2,6]]",annealed,15,7,19,2,6,191,3816,0.9499475890985325
54,71,67,54,3601,233,44.6,"[[19,2,6]]",annealed,16,7,19,2,6,233,3834,0.9392279603547209
55,70,67,55,3652,198,44.9,"[[19,2,6]]",annealed,17,7,19,2,6,198,3850,0.9485714285714286
56,69,66,56,3632,232,44.7,"[[19,2,6]]",annealed,18,7,19,2,6,232,3864,0.9399585921325052
57,67,63,57,3573,246,44.4,"[[19,2,6]]",annealed,19,7,19,2,6,246,3819,0.9355852317360566
58,65,62,58,3566,204,44.4,"[[19,2,6]]",annealed,20,7,19,2,6,204,3770,0.9458885941644563
59,63,59,59,3506,211,44.3,"[[19,2,6]]",annealed,21,7,19,2,6,211,3717,0.9432337906914178
60,63,59,59,3506,274,44.5,"[[19,2,6]]",annealed,22,7,19,2,6,211,3717,0.9432337906914178
61,63,59,59,3506,337,44.5,"[[19,2,6]]",annealed,23,7,19,2,6,211,3717,0.9432337906914178
62,60,56,62,3513,207,44.2,"[[19,2,6]]",annealed,24,7,19,2,6,207,3720,0.9443548387096774
63,60,56,62,3513,267,44.3,"[[19,2,6]]",annealed,25,7,19,2,6,207,3720,0.9443548387096774
64,58,54,64,3499,213,44.3,"[[19,2,6]]",annealed,26,7,19,2,6,213,3712,0.9426185344827587
65,58,54,64,3499,271,44.0,"[[19,2,6]]",annealed,27,7,19,2,6,213,3712,0.9426185344827587
66,58,54,64,3499,329,44.3,"[[19,2,6]]",annealed,28,7,19,2,6,213,3712,0.9426185344827587
67,58,54,64,3499,387,45.8,"[[19,2,6]]",annealed,29,7,19,2,6,213,3712,0.9426185344827587
68,58,54,64,3499,445,44.2,"[[19,2,6]]",annealed,30,7,19,2,6,213,3712,0.9426185344827587
69,55,52,69,3460,335,44.4,"[[19,2,6]]",annealed,31,7,19,2,6,335,3795,0.9117259552042161
70,55,52,69,3460,390,44.2,"[[19,2,6]]",annealed,32,7,19,2,6,335,3795,0.9117259552042161
71,55,52,69,3460,445,44.0,"[[19,2,6]]",annealed,33,7,19,2,6,335,3795,0.9117259552042161
72,55,52,69,3460,500,44.4,"[[19,2,6]]",annealed,34,7,19,2,6,335,3795,0.9117259552042161
73,54,50,73,3621,321,44.1,"[[19,2,6]]",annealed,35,7,19,2,6,321,3942,0.9185692541856926
74,54,50,73,3621,375,44.2,"[[19,2,6]]",annealed,36,7,19,2,6,321,3942,0.9185692541856926
75,52,48,75,3638,262,44.1,"[[19,2,6]]",annealed,37,7,19,2,6,262,3900,0.9328205128205128
76,52,48,75,3638,314,44.2,"[[19,2,6]]",annealed,38,7,19,2,6,262,3900,0.9328205128205128
77,52,48,75,3638,366,44.2,"[[19,2,6]]",annealed,39,7,19,2,6,262,3900,0.9328205128205128
78,48,44,78,3477,267,43.9,"[[19,2,6]]",annealed,40,7,19,2,6,267,3744,0.9286858974358975
79,48,44,78,3477,315,44.0,"[[19,2,6]]",annealed,41,7,19,2,6,267,3744,0.9286858974358975
80,48,44,78,3477,363,43.9,"[[19,2,6]]",annealed,42,7,19,2,6,267,3744,0.9286858974358975
81,48,44,78,3477,411,43.9,"[[19,2,6]]",annealed,43,7,19,2,6,267,3744,0.9286858974358975
82,48,44,78,3477,459,44.3,"[[19,2,6]]",annealed,44,7,19,2,6,267,3744,0.9286858974358975
83,48,44,78,3477,507,43.8,"[[19,2,6]]",annealed,45,7,19,2,6,267,3744,0.9286858974358975
84,46,42,84,3614,250,43.6,"[[19,2,6]]",annealed,46,7,19,2,6,250,3864,0.9353002070393375
85,46,42,84,3614,296,44.1,"[[19,2,6]]",annealed,47,7,19,2,6,250,3864,0.9353002070393375
86,46,42,84,3614,342,43.9,"[[19,2,6]]",annealed,48,7,19,2,6,250,3864,0.9353002070393375
87,45,41,87,3608,307,44.9,"[[19,2,6]]",annealed,49,7,19,2,6,307,3915,0.9215836526181354
88,45,41,87,3608,352,44.2,"[[19,2,6]]",annealed,50,7,19,2,6,307,3915,0.9215836526181354
89,45,41,87,3608,397,44.0,"[[19,2,6]]",annealed,51,7,19,2,6,307,3915,0.9215836526181354
90,44,40,90,3610,350,44.0,"[[19,2,6]]",annealed,52,7,19,2,6,350,3960,0.9116161616161617
91,44,40,90,3610,394,44.4,"[[19,2,6]]",annealed,53,7,19,2,6,350,3960,0.9116161616161617
92,44,40,90,3610,438,44.1,"[[19,2,6]]",annealed,54,7,19,2,6,350,3960,0.9116161616161617
93,43,40,93,3633,366,43.9,"[[19,2,6]]",annealed,55,7,19,2,6,366,3999,0.90847711927982
94,43,40,93,3633,409,44.1,"[[19,2,6]]",annealed,56,7,19,2,6,366,3999,0.90847711927982
95,43,40,93,3633,452,43.8,"[[19,2,6]]",annealed,57,7,19,2,6,366,3999,0.90847711927982
96,43,40,93,3633,495,43.9,"[[19,2,6]]",annealed,58,7,19,2,6,366,3999,0.90847711927982
97,43,40,93,3633,538,44.1,"[[19,2,6]]",annealed,59,7,19,2,6,366,3999,0.90847711927982
98,43,40,93,3633,581,43.8,"[[19,2,6]]",annealed,60,7,19,2,6,366,3999,0.90847711927982
45,466,462,45,13603,7367,0.6,"[[20,2,6]]",cap_sweep,3,7,20,2,6,7367,20970,0.6486886027658559
46,466,462,45,13603,7833,0.6,"[[20,2,6]]",cap_sweep,4,7,20,2,6,7367,20970,0.6486886027658559
47,235,231,47,7376,3669,0.6,"[[20,2,6]]",cap_sweep,5,7,20,2,6,3669,11045,0.6678134902670891
48,235,231,47,7376,3904,0.6,"[[20,2,6]]",cap_sweep,6,7,20,2,6,3669,11045,0.6678134902670891
49,159,155,49,5371,2420,0.7,"[[20,2,6]]",cap_sweep,7,7,20,2,6,2420,7791,0.6893851880374792
50,159,155,49,5371,2579,0.6,"[[20,2,6]]",cap_sweep,8,7,20,2,6,2420,7791,0.6893851880374792
51,120,116,51,4447,1673,0.6,"[[20,2,6]]",cap_sweep,9,7,20,2,6,1673,6120,0.7266339869281045
52,120,116,51,4447,1793,0.6,"[[20,2,6]]",cap_sweep,10,7,20,2,6,1673,6120,0.7266339869281045
53,98,94,53,3814,1380,0.6,"[[20,2,6]]",cap_sweep,11,7,20,2,6,1380,5194,0.7343088178667694
54,98,94,53,3814,1478,0.6,"[[20,2,6]]",cap_sweep,12,7,20,2,6,1380,5194,0.7343088178667694
55,98,94,53,3814,1576,0.6,"[[20,2,6]]",cap_sweep,13,7,20,2,6,1380,5194,0.7343088178667694
56,71,67,56,3220,756,0.6,"[[20,2,6]]",cap_sweep,14,7,20,2,6,756,3976,0.8098591549295775
57,71,67,56,3220,827,0.6,"[[20,2,6]]",cap_sweep,15,7,20,2,6,756,3976,0.8098591549295775
58,71,67,56,3220,898,0.6,"[[20,2,6]]",cap_sweep,16,7,20,2,6,756,3976,0.8098591549295775
59,71,67,56,3220,969,0.6,"[[20,2,6]]",cap_sweep,17,7,20,2,6,756,3976,0.8098591549295775
60,71,67,56,3220,1040,0.6,"[[20,2,6]]",cap_sweep,18,7,20,2,6,756,3976,0.8098591549295775
61,71,67,56,3220,1111,0.6,"[[20,2,6]]",cap_sweep,19,7,20,2,6,756,3976,0.8098591549295775
62,63,59,62,3014,892,0.6,"[[20,2,6]]",cap_sweep,20,7,20,2,6,892,3906,0.7716333845366103
63,63,59,62,3014,955,0.6,"[[20,2,6]]",cap_sweep,21,7,20,2,6,892,3906,0.7716333845366103
64,63,59,62,3014,1018,0.6,"[[20,2,6]]",cap_sweep,22,7,20,2,6,892,3906,0.7716333845366103
65,63,59,62,3014,1081,0.6,"[[20,2,6]]",cap_sweep,23,7,20,2,6,892,3906,0.7716333845366103
66,56,52,66,2911,785,0.6,"[[20,2,6]]",cap_sweep,24,7,20,2,6,785,3696,0.7876082251082251
67,56,52,66,2911,841,0.8,"[[20,2,6]]",cap_sweep,25,7,20,2,6,785,3696,0.7876082251082251
68,51,47,68,2817,651,0.6,"[[20,2,6]]",cap_sweep,26,7,20,2,6,651,3468,0.8122837370242214
69,51,47,68,2817,702,0.6,"[[20,2,6]]",cap_sweep,27,7,20,2,6,651,3468,0.8122837370242214
70,51,47,68,2817,753,0.6,"[[20,2,6]]",cap_sweep,28,7,20,2,6,651,3468,0.8122837370242214
71,51,47,68,2817,804,0.6,"[[20,2,6]]",cap_sweep,29,7,20,2,6,651,3468,0.8122837370242214
72,47,43,72,2750,634,0.6,"[[20,2,6]]",cap_sweep,30,7,20,2,6,634,3384,0.8126477541371159
73,47,43,72,2750,681,0.6,"[[20,2,6]]",cap_sweep,31,7,20,2,6,634,3384,0.8126477541371159
74,47,43,72,2750,728,0.6,"[[20,2,6]]",cap_sweep,32,7,20,2,6,634,3384,0.8126477541371159
75,47,43,72,2750,775,0.6,"[[20,2,6]]",cap_sweep,33,7,20,2,6,634,3384,0.8126477541371159
76,47,43,72,2750,822,0.6,"[[20,2,6]]",cap_sweep,34,7,20,2,6,634,3384,0.8126477541371159
77,47,43,72,2750,869,0.6,"[[20,2,6]]",cap_sweep,35,7,20,2,6,634,3384,0.8126477541371159
78,42,38,78,2612,664,0.6,"[[20,2,6]]",cap_sweep,36,7,20,2,6,664,3276,0.7973137973137974
79,42,38,78,2612,706,0.6,"[[20,2,6]]",cap_sweep,37,7,20,2,6,664,3276,0.7973137973137974
80,42,38,78,2612,748,0.6,"[[20,2,6]]",cap_sweep,38,7,20,2,6,664,3276,0.7973137973137974
81,42,38,78,2612,790,0.6,"[[20,2,6]]",cap_sweep,39,7,20,2,6,664,3276,0.7973137973137974
82,42,38,78,2612,832,0.6,"[[20,2,6]]",cap_sweep,40,7,20,2,6,664,3276,0.7973137973137974
83,38,34,83,2540,614,0.6,"[[20,2,6]]",cap_sweep,41,7,20,2,6,614,3154,0.8053265694356373
84,38,34,83,2540,652,0.6,"[[20,2,6]]",cap_sweep,42,7,20,2,6,614,3154,0.8053265694356373
85,38,34,83,2540,690,0.6,"[[20,2,6]]",cap_sweep,43,7,20,2,6,614,3154,0.8053265694356373
86,38,34,83,2540,728,0.6,"[[20,2,6]]",cap_sweep,44,7,20,2,6,614,3154,0.8053265694356373
87,38,34,83,2540,766,0.7,"[[20,2,6]]",cap_sweep,45,7,20,2,6,614,3154,0.8053265694356373
88,38,34,83,2540,804,0.6,"[[20,2,6]]",cap_sweep,46,7,20,2,6,614,3154,0.8053265694356373
89,38,34,83,2540,842,0.6,"[[20,2,6]]",cap_sweep,47,7,20,2,6,614,3154,0.8053265694356373
90,38,34,83,2540,880,0.6,"[[20,2,6]]",cap_sweep,48,7,20,2,6,614,3154,0.8053265694356373
91,36,32,91,2592,684,0.6,"[[20,2,6]]",cap_sweep,49,7,20,2,6,684,3276,0.7912087912087912
92,36,32,91,2592,720,0.6,"[[20,2,6]]",cap_sweep,50,7,20,2,6,684,3276,0.7912087912087912
93,34,30,93,2563,599,0.6,"[[20,2,6]]",cap_sweep,51,7,20,2,6,599,3162,0.8105629348513599
94,34,30,93,2563,633,0.6,"[[20,2,6]]",cap_sweep,52,7,20,2,6,599,3162,0.8105629348513599
95,34,30,93,2563,667,0.6,"[[20,2,6]]",cap_sweep,53,7,20,2,6,599,3162,0.8105629348513599
96,34,30,93,2563,701,0.6,"[[20,2,6]]",cap_sweep,54,7,20,2,6,599,3162,0.8105629348513599
97,34,30,93,2563,735,0.6,"[[20,2,6]]",cap_sweep,55,7,20,2,6,599,3162,0.8105629348513599
98,34,30,93,2563,769,0.6,"[[20,2,6]]",cap_sweep,56,7,20,2,6,599,3162,0.8105629348513599
43,470,466,43,14544,5666,0.7,"[[21,2,6]]",cap_sweep,3,7,21,2,6,5666,20210,0.7196437407224147
44,470,466,43,14544,6136,0.6,"[[21,2,6]]",cap_sweep,4,7,21,2,6,5666,20210,0.7196437407224147
45,470,466,43,14544,6606,0.6,"[[21,2,6]]",cap_sweep,5,7,21,2,6,5666,20210,0.7196437407224147
46,470,466,43,14544,7076,0.6,"[[21,2,6]]",cap_sweep,6,7,21,2,6,5666,20210,0.7196437407224147
47,470,466,43,14544,7546,0.6,"[[21,2,6]]",cap_sweep,7,7,21,2,6,5666,20210,0.7196437407224147
48,237,233,48,7845,3531,0.6,"[[21,2,6]]",cap_sweep,8,7,21,2,6,3531,11376,0.6896097046413502
49,237,233,48,7845,3768,0.6,"[[21,2,6]]",cap_sweep,9,7,21,2,6,3531,11376,0.6896097046413502
50,160,156,50,5685,2315,0.6,"[[21,2,6]]",cap_sweep,10,7,21,2,6,2315,8000,0.710625
51,160,156,50,5685,2475,0.6,"[[21,2,6]]",cap_sweep,11,7,21,2,6,2315,8000,0.710625
52,121,117,52,4626,1666,0.7,"[[21,2,6]]",cap_sweep,12,7,21,2,6,1666,6292,0.735219326128417
53,121,117,52,4626,1787,0.7,"[[21,2,6]]",cap_sweep,13,7,21,2,6,1666,6292,0.735219326128417
54,121,117,52,4626,1908,0.6,"[[21,2,6]]",cap_sweep,14,7,21,2,6,1666,6292,0.735219326128417
55,121,117,52,4626,2029,0.6,"[[21,2,6]]",cap_sweep,15,7,21,2,6,1666,6292,0.735219326128417
56,121,117,52,4626,2150,0.7,"[[21,2,6]]",cap_sweep,16,7,21,2,6,1666,6292,0.735219326128417
57,98,94,57,4080,1506,0.6,"[[21,2,6]]",cap_sweep,17,7,21,2,6,1506,5586,0.7303974221267454
58,98,94,57,4080,1604,0.7,"[[21,2,6]]",cap_sweep,18,7,21,2,6,1506,5586,0.7303974221267454
59,98,94,57,4080,1702,0.6,"[[21,2,6]]",cap_sweep,19,7,21,2,6,1506,5586,0.7303974221267454
60,98,94,57,4080,1800,0.6,"[[21,2,6]]",cap_sweep,20,7,21,2,6,1506,5586,0.7303974221267454
61,83,79,61,3675,1388,0.6,"[[21,2,6]]",cap_sweep,21,7,21,2,6,1388,5063,0.7258542366186056
62,64,60,62,3217,751,0.6,"[[21,2,6]]",cap_sweep,22,7,21,2,6,751,3968,0.8107358870967742
63,64,60,62,3217,815,0.6,"[[21,2,6]]",cap_sweep,23,7,21,2,6,751,3968,0.8107358870967742
64,64,60,62,3217,879,0.7,"[[21,2,6]]",cap_sweep,24,7,21,2,6,751,3968,0.8107358870967742
65,64,60,62,3217,943,0.6,"[[21,2,6]]",cap_sweep,25,7,21,2,6,751,3968,0.8107358870967742
66,64,60,62,3217,1007,0.6,"[[21,2,6]]",cap_sweep,26,7,21,2,6,751,3968,0.8107358870967742
67,64,60,62,3217,1071,0.6,"[[21,2,6]]",cap_sweep,27,7,21,2,6,751,3968,0.8107358870967742
68,64,60,62,3217,1135,0.6,"[[21,2,6]]",cap_sweep,28,7,21,2,6,751,3968,0.8107358870967742
69,64,60,62,3217,1199,0.6,"[[21,2,6]]",cap_sweep,29,7,21,2,6,751,3968,0.8107358870967742
70,64,60,62,3217,1263,0.6,"[[21,2,6]]",cap_sweep,30,7,21,2,6,751,3968,0.8107358870967742
71,64,60,62,3217,1327,0.6,"[[21,2,6]]",cap_sweep,31,7,21,2,6,751,3968,0.8107358870967742
72,57,53,72,3082,1022,0.6,"[[21,2,6]]",cap_sweep,32,7,21,2,6,1022,4104,0.7509746588693957
73,57,53,72,3082,1079,0.6,"[[21,2,6]]",cap_sweep,33,7,21,2,6,1022,4104,0.7509746588693957
74,52,48,74,2949,899,0.6,"[[21,2,6]]",cap_sweep,34,7,21,2,6,899,3848,0.7663721413721414
75,52,48,74,2949,951,0.6,"[[21,2,6]]",cap_sweep,35,7,21,2,6,899,3848,0.7663721413721414
76,52,48,74,2949,1003,0.6,"[[21,2,6]]",cap_sweep,36,7,21,2,6,899,3848,0.7663721413721414
77,52,48,74,2949,1055,0.6,"[[21,2,6]]",cap_sweep,37,7,21,2,6,899,3848,0.7663721413721414
78,52,48,74,2949,1107,0.6,"[[21,2,6]]",cap_sweep,38,7,21,2,6,899,3848,0.7663721413721414
79,52,48,74,2949,1159,0.6,"[[21,2,6]]",cap_sweep,39,7,21,2,6,899,3848,0.7663721413721414
80,44,40,80,2703,817,0.6,"[[21,2,6]]",cap_sweep,40,7,21,2,6,817,3520,0.7678977272727273
81,44,40,80,2703,861,0.6,"[[21,2,6]]",cap_sweep,41,7,21,2,6,817,3520,0.7678977272727273
82,44,40,80,2703,905,0.6,"[[21,2,6]]",cap_sweep,42,7,21,2,6,817,3520,0.7678977272727273
83,44,40,80,2703,949,0.6,"[[21,2,6]]",cap_sweep,43,7,21,2,6,817,3520,0.7678977272727273
84,44,40,80,2703,993,0.6,"[[21,2,6]]",cap_sweep,44,7,21,2,6,817,3520,0.7678977272727273
85,44,40,80,2703,1037,0.6,"[[21,2,6]]",cap_sweep,45,7,21,2,6,817,3520,0.7678977272727273
86,41,37,86,2650,876,0.6,"[[21,2,6]]",cap_sweep,46,7,21,2,6,876,3526,0.7515598411798071
87,41,37,86,2650,917,0.6,"[[21,2,6]]",cap_sweep,47,7,21,2,6,876,3526,0.7515598411798071
88,41,37,86,2650,958,0.9,"[[21,2,6]]",cap_sweep,48,7,21,2,6,876,3526,0.7515598411798071
89,41,37,86,2650,999,0.6,"[[21,2,6]]",cap_sweep,49,7,21,2,6,876,3526,0.7515598411798071
90,41,37,86,2650,1040,0.6,"[[21,2,6]]",cap_sweep,50,7,21,2,6,876,3526,0.7515598411798071
91,39,35,91,2672,877,0.6,"[[21,2,6]]",cap_sweep,51,7,21,2,6,877,3549,0.7528881375035221
92,39,35,91,2672,916,0.6,"[[21,2,6]]",cap_sweep,52,7,21,2,6,877,3549,0.7528881375035221
93,39,35,91,2672,955,0.7,"[[21,2,6]]",cap_sweep,53,7,21,2,6,877,3549,0.7528881375035221
94,39,35,91,2672,994,0.6,"[[21,2,6]]",cap_sweep,54,7,21,2,6,877,3549,0.7528881375035221
95,39,35,91,2672,1033,0.6,"[[21,2,6]]",cap_sweep,55,7,21,2,6,877,3549,0.7528881375035221
96,39,35,91,2672,1072,0.6,"[[21,2,6]]",cap_sweep,56,7,21,2,6,877,3549,0.7528881375035221
97,39,35,91,2672,1111,0.6,"[[21,2,6]]",cap_sweep,57,7,21,2,6,877,3549,0.7528881375035221
98,37,33,98,2660,966,0.6,"[[21,2,6]]",cap_sweep,58,7,21,2,6,966,3626,0.7335907335907336
41,462,458,41,12975,5967,0.7,"[[19,2,6]]",cap_sweep,3,7,19,2,6,5967,18942,0.6849857459613558
42,462,458,41,12975,6429,0.6,"[[19,2,6]]",cap_sweep,4,7,19,2,6,5967,18942,0.6849857459613558
43,233,229,43,7003,3016,0.6,"[[19,2,6]]",cap_sweep,5,7,19,2,6,3016,10019,0.6989719532887514
44,233,229,43,7003,3249,0.6,"[[19,2,6]]",cap_sweep,6,7,19,2,6,3016,10019,0.6989719532887514
45,233,229,43,7003,3482,0.6,"[[19,2,6]]",cap_sweep,7,7,19,2,6,3016,10019,0.6989719532887514
46,233,229,43,7003,3715,0.6,"[[19,2,6]]",cap_sweep,8,7,19,2,6,3016,10019,0.6989719532887514
47,119,115,47,4205,1388,0.6,"[[19,2,6]]",cap_sweep,9,7,19,2,6,1388,5593,0.7518326479527981
48,119,115,47,4205,1507,0.6,"[[19,2,6]]",cap_sweep,10,7,19,2,6,1388,5593,0.7518326479527981
49,119,115,47,4205,1626,0.6,"[[19,2,6]]",cap_sweep,11,7,19,2,6,1388,5593,0.7518326479527981
50,119,115,47,4205,1745,0.6,"[[19,2,6]]",cap_sweep,12,7,19,2,6,1388,5593,0.7518326479527981
51,96,92,51,3667,1229,1.0,"[[19,2,6]]",cap_sweep,13,7,19,2,6,1229,4896,0.7489787581699346
52,96,92,51,3667,1325,0.6,"[[19,2,6]]",cap_sweep,14,7,19,2,6,1229,4896,0.7489787581699346
53,96,92,51,3667,1421,0.6,"[[19,2,6]]",cap_sweep,15,7,19,2,6,1229,4896,0.7489787581699346
54,96,92,51,3667,1517,0.6,"[[19,2,6]]",cap_sweep,16,7,19,2,6,1229,4896,0.7489787581699346
55,96,92,51,3667,1613,0.6,"[[19,2,6]]",cap_sweep,17,7,19,2,6,1229,4896,0.7489787581699346
56,96,92,51,3667,1709,0.6,"[[19,2,6]]",cap_sweep,18,7,19,2,6,1229,4896,0.7489787581699346
57,96,92,51,3667,1805,0.6,"[[19,2,6]]",cap_sweep,19,7,19,2,6,1229,4896,0.7489787581699346
58,56,52,58,2784,464,0.6,"[[19,2,6]]",cap_sweep,20,7,19,2,6,464,3248,0.8571428571428571
59,56,52,58,2784,520,0.6,"[[19,2,6]]",cap_sweep,21,7,19,2,6,464,3248,0.8571428571428571
60,56,52,58,2784,576,0.6,"[[19,2,6]]",cap_sweep,22,7,19,2,6,464,3248,0.8571428571428571
61,56,52,58,2784,632,0.6,"[[19,2,6]]",cap_sweep,23,7,19,2,6,464,3248,0.8571428571428571
62,56,52,58,2784,688,0.6,"[[19,2,6]]",cap_sweep,24,7,19,2,6,464,3248,0.8571428571428571
63,56,52,58,2784,744,0.6,"[[19,2,6]]",cap_sweep,25,7,19,2,6,464,3248,0.8571428571428571
64,56,52,58,2784,800,0.6,"[[19,2,6]]",cap_sweep,26,7,19,2,6,464,3248,0.8571428571428571
65,56,52,58,2784,856,0.6,"[[19,2,6]]",cap_sweep,27,7,19,2,6,464,3248,0.8571428571428571
66,56,52,58,2784,912,0.6,"[[19,2,6]]",cap_sweep,28,7,19,2,6,464,3248,0.8571428571428571
67,51,47,67,2725,692,0.6,"[[19,2,6]]",cap_sweep,29,7,19,2,6,692,3417,0.797483172373427
68,51,47,67,2725,743,0.6,"[[19,2,6]]",cap_sweep,30,7,19,2,6,692,3417,0.797483172373427
69,51,47,67,2725,794,0.6,"[[19,2,6]]",cap_sweep,31,7,19,2,6,692,3417,0.797483172373427
70,51,47,67,2725,845,0.7,"[[19,2,6]]",cap_sweep,32,7,19,2,6,692,3417,0.797483172373427
71,51,47,67,2725,896,0.6,"[[19,2,6]]",cap_sweep,33,7,19,2,6,692,3417,0.797483172373427
72,51,47,67,2725,947,0.6,"[[19,2,6]]",cap_sweep,34,7,19,2,6,692,3417,0.797483172373427
73,51,47,67,2725,998,0.6,"[[19,2,6]]",cap_sweep,35,7,19,2,6,692,3417,0.797483172373427
74,47,43,74,2633,845,0.6,"[[19,2,6]]",cap_sweep,36,7,19,2,6,845,3478,0.7570442783208741
75,44,40,75,2636,664,0.6,"[[19,2,6]]",cap_sweep,37,7,19,2,6,664,3300,0.7987878787878788
76,44,40,75,2636,708,0.6,"[[19,2,6]]",cap_sweep,38,7,19,2,6,664,3300,0.7987878787878788
77,44,40,75,2636,752,0.6,"[[19,2,6]]",cap_sweep,39,7,19,2,6,664,3300,0.7987878787878788
78,44,40,75,2636,796,0.6,"[[19,2,6]]",cap_sweep,40,7,19,2,6,664,3300,0.7987878787878788
79,44,40,75,2636,840,0.6,"[[19,2,6]]",cap_sweep,41,7,19,2,6,664,3300,0.7987878787878788
80,41,37,80,2592,688,0.6,"[[19,2,6]]",cap_sweep,42,7,19,2,6,688,3280,0.7902439024390244
81,41,37,80,2592,729,0.6,"[[19,2,6]]",cap_sweep,43,7,19,2,6,688,3280,0.7902439024390244
82,41,37,80,2592,770,0.6,"[[19,2,6]]",cap_sweep,44,7,19,2,6,688,3280,0.7902439024390244
83,41,37,80,2592,811,0.7,"[[19,2,6]]",cap_sweep,45,7,19,2,6,688,3280,0.7902439024390244
84,38,34,84,2508,684,0.7,"[[19,2,6]]",cap_sweep,46,7,19,2,6,684,3192,0.7857142857142857
85,38,34,84,2508,722,0.6,"[[19,2,6]]",cap_sweep,47,7,19,2,6,684,3192,0.7857142857142857
86,38,34,84,2508,760,0.6,"[[19,2,6]]",cap_sweep,48,7,19,2,6,684,3192,0.7857142857142857
87,38,34,84,2508,798,0.6,"[[19,2,6]]",cap_sweep,49,7,19,2,6,684,3192,0.7857142857142857
88,38,34,84,2508,836,0.6,"[[19,2,6]]",cap_sweep,50,7,19,2,6,684,3192,0.7857142857142857
89,36,32,89,2511,693,0.6,"[[19,2,6]]",cap_sweep,51,7,19,2,6,693,3204,0.7837078651685393
90,36,32,89,2511,729,0.6,"[[19,2,6]]",cap_sweep,52,7,19,2,6,693,3204,0.7837078651685393
91,36,32,89,2511,765,0.6,"[[19,2,6]]",cap_sweep,53,7,19,2,6,693,3204,0.7837078651685393
92,36,32,89,2511,801,0.6,"[[19,2,6]]",cap_sweep,54,7,19,2,6,693,3204,0.7837078651685393
93,36,32,89,2511,837,0.6,"[[19,2,6]]",cap_sweep,55,7,19,2,6,693,3204,0.7837078651685393
94,33,29,94,2423,679,0.6,"[[19,2,6]]",cap_sweep,56,7,19,2,6,679,3102,0.7811089619600258
95,33,29,94,2423,712,0.6,"[[19,2,6]]",cap_sweep,57,7,19,2,6,679,3102,0.7811089619600258
96,33,29,94,2423,745,0.6,"[[19,2,6]]",cap_sweep,58,7,19,2,6,679,3102,0.7811089619600258
97,33,29,94,2423,778,0.6,"[[19,2,6]]",cap_sweep,59,7,19,2,6,679,3102,0.7811089619600258
98,33,29,94,2423,811,0.6,"[[19,2,6]]",cap_sweep,60,7,19,2,6,679,3102,0.7811089619600258
39,454,450,39,12057,5649,0.6,"[[17,2,6]]",cap_sweep,3,7,17,2,6,5649,17706,0.6809556082683836
40,454,450,39,12057,6103,0.6,"[[17,2,6]]",cap_sweep,4,7,17,2,6,5649,17706,0.6809556082683836
41,229,225,41,6592,2797,0.6,"[[17,2,6]]",cap_sweep,5,7,17,2,6,2797,9389,0.7020982000213015
42,229,225,41,6592,3026,0.6,"[[17,2,6]]",cap_sweep,6,7,17,2,6,2797,9389,0.7020982000213015
43,155,151,43,4834,1831,0.6,"[[17,2,6]]",cap_sweep,7,7,17,2,6,1831,6665,0.7252813203300825
44,155,151,43,4834,1986,0.7,"[[17,2,6]]",cap_sweep,8,7,17,2,6,1831,6665,0.7252813203300825
45,155,151,43,4834,2141,0.7,"[[17,2,6]]",cap_sweep,9,7,17,2,6,1831,6665,0.7252813203300825
46,117,113,46,4009,1373,0.6,"[[17,2,6]]",cap_sweep,10,7,17,2,6,1373,5382,0.7448903753251579
47,117,113,46,4009,1490,0.6,"[[17,2,6]]",cap_sweep,11,7,17,2,6,1373,5382,0.7448903753251579
48,117,113,46,4009,1607,0.7,"[[17,2,6]]",cap_sweep,12,7,17,2,6,1373,5382,0.7448903753251579
49,117,113,46,4009,1724,0.6,"[[17,2,6]]",cap_sweep,13,7,17,2,6,1373,5382,0.7448903753251579
50,95,91,50,3513,1237,0.6,"[[17,2,6]]",cap_sweep,14,7,17,2,6,1237,4750,0.739578947368421
51,95,91,50,3513,1332,0.6,"[[17,2,6]]",cap_sweep,15,7,17,2,6,1237,4750,0.739578947368421
52,95,91,50,3513,1427,0.6,"[[17,2,6]]",cap_sweep,16,7,17,2,6,1237,4750,0.739578947368421
53,80,76,53,3227,1013,0.6,"[[17,2,6]]",cap_sweep,17,7,17,2,6,1013,4240,0.7610849056603773
54,80,76,53,3227,1093,0.6,"[[17,2,6]]",cap_sweep,18,7,17,2,6,1013,4240,0.7610849056603773
55,70,66,55,3062,788,0.6,"[[17,2,6]]",cap_sweep,19,7,17,2,6,788,3850,0.7953246753246753
56,70,66,55,3062,858,0.6,"[[17,2,6]]",cap_sweep,20,7,17,2,6,788,3850,0.7953246753246753
57,70,66,55,3062,928,0.6,"[[17,2,6]]",cap_sweep,21,7,17,2,6,788,3850,0.7953246753246753
58,70,66,55,3062,998,0.6,"[[17,2,6]]",cap_sweep,22,7,17,2,6,788,3850,0.7953246753246753
59,70,66,55,3062,1068,0.6,"[[17,2,6]]",cap_sweep,23,7,17,2,6,788,3850,0.7953246753246753
60,61,57,60,2841,819,0.6,"[[17,2,6]]",cap_sweep,24,7,17,2,6,819,3660,0.7762295081967213
61,61,57,60,2841,880,0.6,"[[17,2,6]]",cap_sweep,25,7,17,2,6,819,3660,0.7762295081967213
62,61,57,60,2841,941,0.7,"[[17,2,6]]",cap_sweep,26,7,17,2,6,819,3660,0.7762295081967213
63,55,51,63,2775,690,0.6,"[[17,2,6]]",cap_sweep,27,7,17,2,6,690,3465,0.8008658008658008
64,55,51,63,2775,745,0.6,"[[17,2,6]]",cap_sweep,28,7,17,2,6,690,3465,0.8008658008658008
65,51,47,65,2692,623,0.6,"[[17,2,6]]",cap_sweep,29,7,17,2,6,623,3315,0.8120663650075415
66,51,47,65,2692,674,0.6,"[[17,2,6]]",cap_sweep,30,7,17,2,6,623,3315,0.8120663650075415
67,51,47,65,2692,725,0.6,"[[17,2,6]]",cap_sweep,31,7,17,2,6,623,3315,0.8120663650075415
68,51,47,65,2692,776,0.6,"[[17,2,6]]",cap_sweep,32,7,17,2,6,623,3315,0.8120663650075415
69,47,43,69,2623,620,0.6,"[[17,2,6]]",cap_sweep,33,7,17,2,6,620,3243,0.8088189947579402
70,47,43,69,2623,667,0.6,"[[17,2,6]]",cap_sweep,34,7,17,2,6,620,3243,0.8088189947579402
71,47,43,69,2623,714,0.6,"[[17,2,6]]",cap_sweep,35,7,17,2,6,620,3243,0.8088189947579402
72,47,43,69,2623,761,0.6,"[[17,2,6]]",cap_sweep,36,7,17,2,6,620,3243,0.8088189947579402
73,47,43,69,2623,808,0.6,"[[17,2,6]]",cap_sweep,37,7,17,2,6,620,3243,0.8088189947579402
74,43,39,74,2489,693,0.6,"[[17,2,6]]",cap_sweep,38,7,17,2,6,693,3182,0.7822124450031427
75,43,39,74,2489,736,0.6,"[[17,2,6]]",cap_sweep,39,7,17,2,6,693,3182,0.7822124450031427
76,43,39,74,2489,779,0.6,"[[17,2,6]]",cap_sweep,40,7,17,2,6,693,3182,0.7822124450031427
77,43,39,74,2489,822,0.6,"[[17,2,6]]",cap_sweep,41,7,17,2,6,693,3182,0.7822124450031427
78,43,39,74,2489,865,0.6,"[[17,2,6]]",cap_sweep,42,7,17,2,6,693,3182,0.7822124450031427
79,40,36,79,2514,646,0.6,"[[17,2,6]]",cap_sweep,43,7,17,2,6,646,3160,0.7955696202531646
80,40,36,79,2514,686,0.6,"[[17,2,6]]",cap_sweep,44,7,17,2,6,646,3160,0.7955696202531646
81,40,36,79,2514,726,0.6,"[[17,2,6]]",cap_sweep,45,7,17,2,6,646,3160,0.7955696202531646
82,37,33,82,2451,583,0.6,"[[17,2,6]]",cap_sweep,46,7,17,2,6,583,3034,0.8078444297956493
83,37,33,82,2451,620,0.6,"[[17,2,6]]",cap_sweep,47,7,17,2,6,583,3034,0.8078444297956493
84,37,33,82,2451,657,0.6,"[[17,2,6]]",cap_sweep,48,7,17,2,6,583,3034,0.8078444297956493
85,37,33,82,2451,694,0.6,"[[17,2,6]]",cap_sweep,49,7,17,2,6,583,3034,0.8078444297956493
86,37,33,82,2451,731,0.6,"[[17,2,6]]",cap_sweep,50,7,17,2,6,583,3034,0.8078444297956493
87,37,33,82,2451,768,0.6,"[[17,2,6]]",cap_sweep,51,7,17,2,6,583,3034,0.8078444297956493
88,35,31,88,2437,643,0.6,"[[17,2,6]]",cap_sweep,52,7,17,2,6,643,3080,0.7912337662337663
89,35,31,88,2437,678,0.6,"[[17,2,6]]",cap_sweep,53,7,17,2,6,643,3080,0.7912337662337663
90,35,31,88,2437,713,0.6,"[[17,2,6]]",cap_sweep,54,7,17,2,6,643,3080,0.7912337662337663
91,33,29,91,2409,594,0.6,"[[17,2,6]]",cap_sweep,55,7,17,2,6,594,3003,0.8021978021978022
92,33,29,91,2409,627,0.6,"[[17,2,6]]",cap_sweep,56,7,17,2,6,594,3003,0.8021978021978022
93,33,29,91,2409,660,0.6,"[[17,2,6]]",cap_sweep,57,7,17,2,6,594,3003,0.8021978021978022
94,33,29,91,2409,693,0.6,"[[17,2,6]]",cap_sweep,58,7,17,2,6,594,3003,0.8021978021978022
95,33,29,91,2409,726,0.6,"[[17,2,6]]",cap_sweep,59,7,17,2,6,594,3003,0.8021978021978022
96,33,29,91,2409,759,0.6,"[[17,2,6]]",cap_sweep,60,7,17,2,6,594,3003,0.8021978021978022
97,30,26,97,2398,512,0.6,"[[17,2,6]]",cap_sweep,61,7,17,2,6,512,2910,0.8240549828178694
98,30,26,97,2398,542,0.6,"[[17,2,6]]",cap_sweep,62,7,17,2,6,512,2910,0.8240549828178694
40,395,393,40,12143,3657,0.5,"[[16,3,5]]",cap_sweep,3,7,16,3,5,3657,15800,0.7685443037974684
41,200,197,41,6413,1787,0.5,"[[16,3,5]]",cap_sweep,4,7,16,3,5,1787,8200,0.7820731707317073
42,200,197,41,6413,1987,0.5,"[[16,3,5]]",cap_sweep,5,7,16,3,5,1787,8200,0.7820731707317073
43,102,99,43,3568,818,0.5,"[[16,3,5]]",cap_sweep,6,7,16,3,5,818,4386,0.8134974920200638
44,83,80,44,2998,654,0.5,"[[16,3,5]]",cap_sweep,7,7,16,3,5,654,3652,0.8209200438116101
45,83,80,44,2998,737,0.5,"[[16,3,5]]",cap_sweep,8,7,16,3,5,654,3652,0.8209200438116101
46,70,66,46,2663,557,0.5,"[[16,3,5]]",cap_sweep,9,7,16,3,5,557,3220,0.8270186335403726
47,70,66,46,2663,627,0.4,"[[16,3,5]]",cap_sweep,10,7,16,3,5,557,3220,0.8270186335403726
48,61,57,48,2407,521,0.4,"[[16,3,5]]",cap_sweep,11,7,16,3,5,521,2928,0.8220628415300546
49,54,50,49,2212,434,0.5,"[[16,3,5]]",cap_sweep,12,7,16,3,5,434,2646,0.8359788359788359
50,54,50,49,2212,488,0.5,"[[16,3,5]]",cap_sweep,13,7,16,3,5,434,2646,0.8359788359788359
51,48,45,51,2074,374,0.5,"[[16,3,5]]",cap_sweep,14,7,16,3,5,374,2448,0.8472222222222222
52,48,45,51,2074,422,0.4,"[[16,3,5]]",cap_sweep,15,7,16,3,5,374,2448,0.8472222222222222
53,48,45,51,2074,470,0.4,"[[16,3,5]]",cap_sweep,16,7,16,3,5,374,2448,0.8472222222222222
54,44,40,54,1967,409,0.4,"[[16,3,5]]",cap_sweep,17,7,16,3,5,409,2376,0.8278619528619529
55,44,40,54,1967,453,0.4,"[[16,3,5]]",cap_sweep,18,7,16,3,5,409,2376,0.8278619528619529
56,41,37,56,1881,415,0.4,"[[16,3,5]]",cap_sweep,19,7,16,3,5,415,2296,0.8192508710801394
57,41,37,56,1881,456,0.5,"[[16,3,5]]",cap_sweep,20,7,16,3,5,415,2296,0.8192508710801394
58,41,37,56,1881,497,0.4,"[[16,3,5]]",cap_sweep,21,7,16,3,5,415,2296,0.8192508710801394
59,41,37,56,1881,538,0.5,"[[16,3,5]]",cap_sweep,22,7,16,3,5,415,2296,0.8192508710801394
60,41,37,56,1881,579,0.4,"[[16,3,5]]",cap_sweep,23,7,16,3,5,415,2296,0.8192508710801394
61,41,37,56,1881,620,0.4,"[[16,3,5]]",cap_sweep,24,7,16,3,5,415,2296,0.8192508710801394
62,41,37,56,1881,661,0.4,"[[16,3,5]]",cap_sweep,25,7,16,3,5,415,2296,0.8192508710801394
63,38,34,63,1853,541,0.4,"[[16,3,5]]",cap_sweep,26,7,16,3,5,541,2394,0.7740183792815372
64,38,34,63,1853,579,0.4,"[[16,3,5]]",cap_sweep,27,7,16,3,5,541,2394,0.7740183792815372
65,38,34,63,1853,617,0.4,"[[16,3,5]]",cap_sweep,28,7,16,3,5,541,2394,0.7740183792815372
66,38,34,63,1853,655,0.4,"[[16,3,5]]",cap_sweep,29,7,16,3,5,541,2394,0.7740183792815372
67,38,34,63,1853,693,0.4,"[[16,3,5]]",cap_sweep,30,7,16,3,5,541,2394,0.7740183792815372
68,38,34,63,1853,731,0.4,"[[16,3,5]]",cap_sweep,31,7,16,3,5,541,2394,0.7740183792815372
69,35,31,69,1797,618,0.4,"[[16,3,5]]",cap_sweep,32,7,16,3,5,618,2415,0.7440993788819876
70,35,31,69,1797,653,0.4,"[[16,3,5]]",cap_sweep,33,7,16,3,5,618,2415,0.7440993788819876
71,33,29,71,1774,569,0.4,"[[16,3,5]]",cap_sweep,34,7,16,3,5,569,2343,0.7571489543320529
72,33,29,71,1774,602,0.4,"[[16,3,5]]",cap_sweep,35,7,16,3,5,569,2343,0.7571489543320529
73,33,29,71,1774,635,0.4,"[[16,3,5]]",cap_sweep,36,7,16,3,5,569,2343,0.7571489543320529
74,31,27,74,1771,523,0.4,"[[16,3,5]]",cap_sweep,37,7,16,3,5,523,2294,0.7720139494333043
75,31,27,74,1771,554,0.4,"[[16,3,5]]",cap_sweep,38,7,16,3,5,523,2294,0.7720139494333043
76,31,27,74,1771,585,0.4,"[[16,3,5]]",cap_sweep,39,7,16,3,5,523,2294,0.7720139494333043
77,31,27,74,1771,616,0.4,"[[16,3,5]]",cap_sweep,40,7,16,3,5,523,2294,0.7720139494333043
78,31,27,74,1771,647,0.4,"[[16,3,5]]",cap_sweep,41,7,16,3,5,523,2294,0.7720139494333043
79,31,27,74,1771,678,0.4,"[[16,3,5]]",cap_sweep,42,7,16,3,5,523,2294,0.7720139494333043
80,31,27,74,1771,709,0.4,"[[16,3,5]]",cap_sweep,43,7,16,3,5,523,2294,0.7720139494333043
81,31,27,74,1771,740,0.4,"[[16,3,5]]",cap_sweep,44,7,16,3,5,523,2294,0.7720139494333043
82,31,27,74,1771,771,0.4,"[[16,3,5]]",cap_sweep,45,7,16,3,5,523,2294,0.7720139494333043
83,31,27,74,1771,802,0.4,"[[16,3,5]]",cap_sweep,46,7,16,3,5,523,2294,0.7720139494333043
84,29,25,84,1739,697,0.4,"[[16,3,5]]",cap_sweep,47,7,16,3,5,697,2436,0.7138752052545156
85,28,24,85,1730,650,0.4,"[[16,3,5]]",cap_sweep,48,7,16,3,5,650,2380,0.726890756302521
86,27,23,86,1701,621,0.4,"[[16,3,5]]",cap_sweep,49,7,16,3,5,621,2322,0.7325581395348837
87,27,23,86,1701,648,0.5,"[[16,3,5]]",cap_sweep,50,7,16,3,5,621,2322,0.7325581395348837
88,27,23,86,1701,675,0.4,"[[16,3,5]]",cap_sweep,51,7,16,3,5,621,2322,0.7325581395348837
89,27,23,86,1701,702,0.4,"[[16,3,5]]",cap_sweep,52,7,16,3,5,621,2322,0.7325581395348837
90,27,23,86,1701,729,0.4,"[[16,3,5]]",cap_sweep,53,7,16,3,5,621,2322,0.7325581395348837
91,27,23,86,1701,756,0.4,"[[16,3,5]]",cap_sweep,54,7,16,3,5,621,2322,0.7325581395348837
92,27,23,86,1701,783,0.4,"[[16,3,5]]",cap_sweep,55,7,16,3,5,621,2322,0.7325581395348837
93,27,23,86,1701,810,0.4,"[[16,3,5]]",cap_sweep,56,7,16,3,5,621,2322,0.7325581395348837
94,27,23,86,1701,837,0.4,"[[16,3,5]]",cap_sweep,57,7,16,3,5,621,2322,0.7325581395348837
95,27,23,86,1701,864,0.4,"[[16,3,5]]",cap_sweep,58,7,16,3,5,621,2322,0.7325581395348837
96,27,23,86,1701,891,0.4,"[[16,3,5]]",cap_sweep,59,7,16,3,5,621,2322,0.7325581395348837
97,26,22,97,1747,775,0.4,"[[16,3,5]]",cap_sweep,60,7,16,3,5,775,2522,0.6927042030134813
98,26,22,97,1747,801,0.4,"[[16,3,5]]",cap_sweep,61,7,16,3,5,775,2522,0.6927042030134813
