code,"[[21,2,6]]",,,,,,,,code,"[[20,2,6]]",,,,,,,,code,"[[17,2,6]]",,,,,,,,code,"[[16,3,5]]",,,,,,,,code,"[[19,2,6]]",,,,,,
seed,q,columns,layers,qubits,volume,idle,sec,,seed,q,columns,layers,qubits,volume,idle,sec,,seed,q,columns,layers,qubits,volume,idle,sec,,seed,q,columns,layers,qubits,volume,idle,sec,,seed,q,columns,layers,qubits,volume,idle,sec
23,43,97,93,43,4100,71,103.6,,,45,85,81,45,3704,121,93.8,,,39,105,101,39,3997,98,116.3,,,40,52,48,40,2006,74,79.1,,,41,97,93,41,3873,104,157
,44,97,93,43,4100,168,48.1,,,46,84,80,46,3676,188,46.5,,,40,105,101,39,3997,203,46.7,,,41,52,48,40,2006,126,41.4,,,42,97,93,41,3873,201,47
,45,97,93,43,4100,265,46.8,,,47,84,80,46,3676,272,47.1,,,41,105,101,39,3997,308,45.9,,,42,52,48,40,2006,178,38.7,,,43,97,93,41,3873,298,46.4
,46,97,93,43,4100,362,46.1,,,48,84,80,46,3676,356,45.7,,,42,105,101,39,3997,413,45.7,,,43,52,48,40,2006,230,43.7,,,44,97,93,41,3873,395,46.8
,47,94,90,47,4255,163,45.7,,,49,84,80,46,3676,440,45.2,,,43,100,96,43,4118,182,45.8,,,44,52,48,40,2006,282,52.8,,,45,90,86,45,3885,165,46.5
,48,92,88,48,4245,171,45.5,,,50,82,78,50,3941,159,45,,,44,90,86,44,3790,170,44.7,,,45,52,48,40,2006,334,41.6,,,46,88,84,46,3882,166,47.6
,49,86,82,49,4026,188,45.2,,,51,82,78,50,3941,241,46,,,45,90,86,44,3790,260,46,,,46,52,48,40,2006,386,40.6,,,47,88,84,46,3882,254,46
,50,86,82,49,4026,274,45.1,,,52,77,73,52,3777,227,45.9,,,46,87,84,46,3825,177,45,,,47,52,48,40,2006,438,39.7,,,48,82,78,48,3777,159,46.3
,51,84,80,51,4090,194,45.4,,,53,77,73,52,3777,304,45.4,,,47,84,81,47,3741,207,44.8,,,48,52,48,40,2006,490,40,,,49,80,77,49,3729,191,46
,52,83,79,52,4111,205,45.3,,,54,77,73,52,3777,381,44.5,,,48,81,78,48,3734,154,44.3,,,49,52,48,40,2006,542,39.3,,,50,78,74,50,3681,219,45
,53,80,76,53,4008,232,47.5,,,55,73,69,55,3765,250,45.3,,,49,79,76,49,3656,215,43.7,,,50,52,48,40,2006,594,39.3,,,51,74,71,51,3570,204,45
,54,78,74,54,4033,179,49,,,56,72,68,56,3792,240,46.4,,,50,75,71,50,3531,219,44.2,,,51,52,48,40,2006,646,39.2,,,52,74,71,51,3570,278,44.5
,55,70,67,55,3628,222,46.6,,,57,72,68,56,3788,316,46.8,,,51,75,71,50,3531,294,44.2,,,52,52,48,40,2006,698,39.1,,,53,72,68,53,3625,191,44.6
,56,70,67,55,3628,292,45.8,,,58,64,61,58,3540,172,46.9,,,52,73,70,52,3570,226,43.8,,,53,52,48,40,2006,750,39.1,,,54,71,67,54,3601,233,44.6
,57,70,67,55,3628,362,46.4,,,59,64,61,58,3540,236,45.6,,,53,69,65,53,3431,226,44.1,,,54,52,48,40,2006,802,40,,,55,70,67,55,3652,198,44.9
,58,70,67,55,3628,432,45.5,,,60,64,61,58,3540,300,46.3,,,54,67,64,54,3405,213,43.5,,,55,52,48,40,2006,854,39.5,,,56,69,66,56,3632,232,44.7
,59,68,64,59,3814,198,45.7,,,61,64,61,58,3540,364,45.5,,,55,65,61,55,3370,205,43.8,,,56,52,48,40,2006,906,38.9,,,57,67,63,57,3573,246,44.4
,60,68,64,59,3814,266,45.1,,,62,64,61,58,3540,428,46.6,,,56,64,60,56,3379,205,43.5,,,57,52,48,40,2006,958,38.8,,,58,65,62,58,3566,204,44.4
,61,63,60,61,3574,269,45.7,,,63,64,61,58,3540,492,45.6,,,57,63,59,57,3356,235,43.6,,,58,52,48,40,2006,1010,39,,,59,63,59,59,3506,211,44.3
,62,63,60,61,3574,332,45.6,,,64,63,59,64,3760,272,45.8,,,58,63,59,57,3356,298,43.7,,,59,52,48,40,2006,1062,38.3,,,60,63,59,59,3506,274,44.5
,63,63,60,61,3574,395,45.7,,,65,63,59,64,3760,335,46.3,,,59,59,55,59,3230,251,48.6,,,60,52,48,40,2006,1114,39.5,,,61,63,59,59,3506,337,44.5
,64,60,56,64,3565,275,45.6,,,66,61,58,66,3831,195,49.9,,,60,58,54,60,3257,223,46.6,,,61,51,47,61,2500,611,38.5,,,62,60,56,62,3513,207,44.2
,65,60,56,64,3565,335,45.3,,,67,57,53,67,3578,241,45,,,61,58,54,60,3257,281,47.5,,,62,50,46,62,2858,242,39.5,,,63,60,56,62,3513,267,44.3
,66,60,56,64,3565,395,45.4,,,68,57,53,67,3578,298,45.5,,,62,58,54,60,3257,339,46.3,,,63,50,46,62,2858,292,38.9,,,64,58,54,64,3499,213,44.3
,67,60,56,64,3565,455,46.3,,,69,57,53,67,3578,355,46.5,,,63,58,54,60,3257,397,44.8,,,64,50,46,62,2858,342,38.6,,,65,58,54,64,3499,271,44
,68,58,54,68,3481,463,45.6,,,70,55,51,70,3577,273,46.2,,,64,58,54,60,3257,455,44.8,,,65,49,46,65,2956,229,39.3,,,66,58,54,64,3499,329,44.3
,69,57,54,69,3633,300,48.7,,,71,55,51,70,3577,328,51.7,,,65,58,54,60,3257,513,44.2,,,66,49,46,65,2956,278,40.2,,,67,58,54,64,3499,387,45.8
,70,57,54,69,3633,357,46,,,72,55,51,70,3577,383,69.9,,,66,58,54,60,3257,571,45.4,,,67,46,43,67,2847,235,37.9,,,68,58,54,64,3499,445,44.2
,71,57,54,69,3633,414,45.8,,,73,55,51,70,3577,438,54.6,,,67,56,52,67,3458,294,44.3,,,68,46,43,67,2847,281,38.8,,,69,55,52,69,3460,335,44.4
,72,55,51,72,3653,307,46,,,74,55,51,70,3577,493,45.1,,,68,55,51,68,3407,333,44.4,,,69,46,43,67,2847,327,39,,,70,55,52,69,3460,390,44.2
,73,55,51,72,3653,362,46.9,,,75,55,51,70,3577,548,45.7,,,69,53,49,69,3362,295,44.9,,,70,45,41,70,2859,291,38.7,,,71,55,52,69,3460,445,44
,74,53,49,74,3647,275,46.7,,,76,53,49,76,3714,314,45,,,70,53,49,69,3362,348,45.2,,,71,44,40,71,2862,262,38.4,,,72,55,52,69,3460,500,44.4
,75,53,49,74,3647,328,47.9,,,77,52,48,77,3688,316,51.6,,,71,53,49,69,3362,401,45,,,72,44,40,71,2862,306,38.9,,,73,54,50,73,3621,321,44.1
,76,53,49,74,3647,381,45.1,,,78,52,48,77,3688,368,46.7,,,72,51,47,71,3402,270,45.8,,,73,44,40,71,2862,350,38.6,,,74,54,50,73,3621,375,44.2
,77,52,49,77,3641,363,44.9,,,79,48,44,79,3489,303,52.2,,,73,51,47,71,3402,321,46.9,,,74,44,40,71,2862,394,38.9,,,75,52,48,75,3638,262,44.1
,78,52,49,78,3625,431,45.1,,,80,48,44,79,3489,351,46.9,,,74,50,46,74,3401,299,44.8,,,75,44,40,71,2862,438,39.5,,,76,52,48,75,3638,314,44.2
,79,52,49,78,3625,483,44.8,,,81,48,44,79,3489,399,56.6,,,75,50,46,74,3401,349,44.8,,,76,41,37,76,2818,298,38.6,,,77,52,48,75,3638,366,44.2
,80,52,49,78,3625,535,44.6,,,82,48,44,79,3489,447,45.2,,,76,50,46,74,3401,399,44.7,,,77,41,37,76,2818,339,38.8,,,78,48,44,78,3477,267,43.9
,81,51,47,81,3858,273,44.6,,,83,48,44,79,3489,495,45,,,77,47,43,77,3321,298,46.6,,,78,41,37,76,2818,380,41,,,79,48,44,78,3477,315,44
,82,51,47,81,3858,324,44.7,,,84,47,43,84,3643,305,44.9,,,78,47,43,77,3321,345,45.8,,,79,41,37,76,2818,421,38.7,,,80,48,44,78,3477,363,43.9
,83,51,47,81,3858,375,44.3,,,85,45,41,85,3532,293,49.7,,,79,47,43,77,3321,392,44.7,,,80,38,34,80,2804,236,38,,,81,48,44,78,3477,411,43.9
,84,51,47,84,3855,429,44.8,,,86,45,41,85,3532,338,44.7,,,80,47,43,77,3321,439,46.2,,,81,38,34,80,2804,274,37.8,,,82,48,44,78,3477,459,44.3
,85,50,46,85,3886,364,44.9,,,87,45,41,85,3532,383,44.9,,,81,47,43,77,3321,486,46.4,,,82,38,34,80,2804,312,38.1,,,83,48,44,78,3477,507,43.8
,86,50,46,85,3886,414,44.7,,,88,45,41,85,3532,428,46.5,,,82,47,43,77,3321,533,45.9,,,83,38,34,80,2804,350,38.1,,,84,46,42,84,3614,250,43.6
,87,50,46,85,3886,464,44.6,,,89,45,41,85,3532,473,47.1,,,83,47,43,77,3321,580,45,,,84,38,34,80,2804,388,38.2,,,85,46,42,84,3614,296,44.1
,88,48,44,88,3899,325,44.6,,,90,45,41,85,3532,518,44.6,,,84,47,43,77,3321,627,46.1,,,85,38,34,80,2804,426,38.7,,,86,46,42,84,3614,342,43.9
,89,45,41,89,3709,296,45.1,,,91,45,41,85,3532,563,50.3,,,85,46,42,85,3648,262,44.5,,,86,38,34,80,2804,464,38.2,,,87,45,41,87,3608,307,44.9
,90,45,41,89,3709,341,46.9,,,92,44,40,92,3632,416,45,,,86,46,42,85,3648,308,46.4,,,87,38,34,80,2804,502,37.9,,,88,45,41,87,3608,352,44.2
,91,45,41,89,3709,386,45.9,,,93,44,40,92,3632,460,45.1,,,87,46,42,85,3648,354,45,,,88,38,34,80,2804,540,38.2,,,89,45,41,87,3608,397,44
,92,45,41,89,3709,431,44.6,,,94,44,40,92,3632,504,47.1,,,88,43,40,88,3489,295,45.5,,,89,38,34,80,2804,578,38.2,,,90,44,40,90,3610,350,44
,93,45,41,89,3709,476,46,,,95,44,40,92,3632,548,46.1,,,89,43,40,88,3489,338,46.7,,,90,38,34,80,2804,616,37.9,,,91,44,40,90,3610,394,44.4
,94,45,41,89,3709,521,47.7,,,96,44,40,92,3632,592,45.1,,,90,43,40,88,3489,381,45.5,,,91,38,34,80,2804,654,40.1,,,92,44,40,90,3610,438,44.1
,95,45,41,89,3709,566,45.8,,,97,43,39,97,3825,346,45.2,,,91,43,40,88,3489,424,45.8,,,92,38,34,80,2804,692,39.3,,,93,43,40,93,3633,366,43.9
,96,44,40,96,3873,351,46.4,,,98,43,39,97,3825,389,44.4,,,92,42,38,92,3575,289,46.7,,,93,36,33,93,3007,341,39.4,,,94,43,40,93,3633,409,44.1
,97,44,40,96,3873,395,45.2,,,,,,,,,,,,93,42,38,92,3575,331,45.5,,,94,36,33,93,3007,377,37.9,,,95,43,40,93,3633,452,43.8
,98,43,39,98,3883,331,45,,,,,,,,,,,,94,42,38,92,3575,373,46.1,,,95,35,31,95,2903,422,37.8,,,96,43,40,93,3633,495,43.9
,,,,,,,,,,,,,,,,,,,95,42,38,92,3575,415,45.8,,,96,35,31,95,2903,457,38,,,97,43,40,93,3633,538,44.1
,,,,,,,,,,,,,,,,,,,96,42,38,92,3575,457,46.7,,,97,35,31,95,2903,492,37.7,,,98,43,40,93,3633,581,43.8
,,,,,,,,,,,,,,,,,,,97,42,38,92,3575,499,45.5,,,98,35,31,95,2903,527,38.1,,,,,,,,,
,,,,,,,,,,,,,,,,,,,98,41,37,98,3695,323,45.8,,,,,,,,,,,,,,,,,,