code,"[[20,2,6]]",,,,,,,,code,"[[21,2,6]]",,,,,,,,code,"[[19,2,6]]",,,,,,,,code,"[[17,2,6]]",,,,,,,,code,"[[16,3,5]]",,,,,,
seed,q,columns,layers,qubits,volume,idle,sec,,seed,q,columns,layers,qubits,volume,idle,sec,,seed,q,columns,layers,qubits,volume,idle,sec,,seed,q,columns,layers,qubits,volume,idle,sec,,seed,q,columns,layers,qubits,volume,idle,sec
,45,466,462,45,13603,7367,0.6,,,43,470,466,43,14544,5666,0.7,,,41,462,458,41,12975,5967,0.7,,,39,454,450,39,12057,5649,0.6,,,40,395,393,40,12143,3657,0.5
,46,466,462,45,13603,7833,0.6,,,44,470,466,43,14544,6136,0.6,,,42,462,458,41,12975,6429,0.6,,,40,454,450,39,12057,6103,0.6,,,41,200,197,41,6413,1787,0.5
,47,235,231,47,7376,3669,0.6,,,45,470,466,43,14544,6606,0.6,,,43,233,229,43,7003,3016,0.6,,,41,229,225,41,6592,2797,0.6,,,42,200,197,41,6413,1987,0.5
,48,235,231,47,7376,3904,0.6,,,46,470,466,43,14544,7076,0.6,,,44,233,229,43,7003,3249,0.6,,,42,229,225,41,6592,3026,0.6,,,43,102,99,43,3568,818,0.5
,49,159,155,49,5371,2420,0.7,,,47,470,466,43,14544,7546,0.6,,,45,233,229,43,7003,3482,0.6,,,43,155,151,43,4834,1831,0.6,,,44,83,80,44,2998,654,0.5
,50,159,155,49,5371,2579,0.6,,,48,237,233,48,7845,3531,0.6,,,46,233,229,43,7003,3715,0.6,,,44,155,151,43,4834,1986,0.7,,,45,83,80,44,2998,737,0.5
,51,120,116,51,4447,1673,0.6,,,49,237,233,48,7845,3768,0.6,,,47,119,115,47,4205,1388,0.6,,,45,155,151,43,4834,2141,0.7,,,46,70,66,46,2663,557,0.5
,52,120,116,51,4447,1793,0.6,,,50,160,156,50,5685,2315,0.6,,,48,119,115,47,4205,1507,0.6,,,46,117,113,46,4009,1373,0.6,,,47,70,66,46,2663,627,0.4
,53,98,94,53,3814,1380,0.6,,,51,160,156,50,5685,2475,0.6,,,49,119,115,47,4205,1626,0.6,,,47,117,113,46,4009,1490,0.6,,,48,61,57,48,2407,521,0.4
,54,98,94,53,3814,1478,0.6,,,52,121,117,52,4626,1666,0.7,,,50,119,115,47,4205,1745,0.6,,,48,117,113,46,4009,1607,0.7,,,49,54,50,49,2212,434,0.5
,55,98,94,53,3814,1576,0.6,,,53,121,117,52,4626,1787,0.7,,,51,96,92,51,3667,1229,1,,,49,117,113,46,4009,1724,0.6,,,50,54,50,49,2212,488,0.5
,56,71,67,56,3220,756,0.6,,,54,121,117,52,4626,1908,0.6,,,52,96,92,51,3667,1325,0.6,,,50,95,91,50,3513,1237,0.6,,,51,48,45,51,2074,374,0.5
,57,71,67,56,3220,827,0.6,,,55,121,117,52,4626,2029,0.6,,,53,96,92,51,3667,1421,0.6,,,51,95,91,50,3513,1332,0.6,,,52,48,45,51,2074,422,0.4
,58,71,67,56,3220,898,0.6,,,56,121,117,52,4626,2150,0.7,,,54,96,92,51,3667,1517,0.6,,,52,95,91,50,3513,1427,0.6,,,53,48,45,51,2074,470,0.4
,59,71,67,56,3220,969,0.6,,,57,98,94,57,4080,1506,0.6,,,55,96,92,51,3667,1613,0.6,,,53,80,76,53,3227,1013,0.6,,,54,44,40,54,1967,409,0.4
,60,71,67,56,3220,1040,0.6,,,58,98,94,57,4080,1604,0.7,,,56,96,92,51,3667,1709,0.6,,,54,80,76,53,3227,1093,0.6,,,55,44,40,54,1967,453,0.4
,61,71,67,56,3220,1111,0.6,,,59,98,94,57,4080,1702,0.6,,,57,96,92,51,3667,1805,0.6,,,55,70,66,55,3062,788,0.6,,,56,41,37,56,1881,415,0.4
,62,63,59,62,3014,892,0.6,,,60,98,94,57,4080,1800,0.6,,,58,56,52,58,2784,464,0.6,,,56,70,66,55,3062,858,0.6,,,57,41,37,56,1881,456,0.5
,63,63,59,62,3014,955,0.6,,,61,83,79,61,3675,1388,0.6,,,59,56,52,58,2784,520,0.6,,,57,70,66,55,3062,928,0.6,,,58,41,37,56,1881,497,0.4
,64,63,59,62,3014,1018,0.6,,,62,64,60,62,3217,751,0.6,,,60,56,52,58,2784,576,0.6,,,58,70,66,55,3062,998,0.6,,,59,41,37,56,1881,538,0.5
,65,63,59,62,3014,1081,0.6,,,63,64,60,62,3217,815,0.6,,,61,56,52,58,2784,632,0.6,,,59,70,66,55,3062,1068,0.6,,,60,41,37,56,1881,579,0.4
,66,56,52,66,2911,785,0.6,,,64,64,60,62,3217,879,0.7,,,62,56,52,58,2784,688,0.6,,,60,61,57,60,2841,819,0.6,,,61,41,37,56,1881,620,0.4
,67,56,52,66,2911,841,0.8,,,65,64,60,62,3217,943,0.6,,,63,56,52,58,2784,744,0.6,,,61,61,57,60,2841,880,0.6,,,62,41,37,56,1881,661,0.4
,68,51,47,68,2817,651,0.6,,,66,64,60,62,3217,1007,0.6,,,64,56,52,58,2784,800,0.6,,,62,61,57,60,2841,941,0.7,,,63,38,34,63,1853,541,0.4
,69,51,47,68,2817,702,0.6,,,67,64,60,62,3217,1071,0.6,,,65,56,52,58,2784,856,0.6,,,63,55,51,63,2775,690,0.6,,,64,38,34,63,1853,579,0.4
,70,51,47,68,2817,753,0.6,,,68,64,60,62,3217,1135,0.6,,,66,56,52,58,2784,912,0.6,,,64,55,51,63,2775,745,0.6,,,65,38,34,63,1853,617,0.4
,71,51,47,68,2817,804,0.6,,,69,64,60,62,3217,1199,0.6,,,67,51,47,67,2725,692,0.6,,,65,51,47,65,2692,623,0.6,,,66,38,34,63,1853,655,0.4
,72,47,43,72,2750,634,0.6,,,70,64,60,62,3217,1263,0.6,,,68,51,47,67,2725,743,0.6,,,66,51,47,65,2692,674,0.6,,,67,38,34,63,1853,693,0.4
,73,47,43,72,2750,681,0.6,,,71,64,60,62,3217,1327,0.6,,,69,51,47,67,2725,794,0.6,,,67,51,47,65,2692,725,0.6,,,68,38,34,63,1853,731,0.4
,74,47,43,72,2750,728,0.6,,,72,57,53,72,3082,1022,0.6,,,70,51,47,67,2725,845,0.7,,,68,51,47,65,2692,776,0.6,,,69,35,31,69,1797,618,0.4
,75,47,43,72,2750,775,0.6,,,73,57,53,72,3082,1079,0.6,,,71,51,47,67,2725,896,0.6,,,69,47,43,69,2623,620,0.6,,,70,35,31,69,1797,653,0.4
,76,47,43,72,2750,822,0.6,,,74,52,48,74,2949,899,0.6,,,72,51,47,67,2725,947,0.6,,,70,47,43,69,2623,667,0.6,,,71,33,29,71,1774,569,0.4
,77,47,43,72,2750,869,0.6,,,75,52,48,74,2949,951,0.6,,,73,51,47,67,2725,998,0.6,,,71,47,43,69,2623,714,0.6,,,72,33,29,71,1774,602,0.4
,78,42,38,78,2612,664,0.6,,,76,52,48,74,2949,1003,0.6,,,74,47,43,74,2633,845,0.6,,,72,47,43,69,2623,761,0.6,,,73,33,29,71,1774,635,0.4
,79,42,38,78,2612,706,0.6,,,77,52,48,74,2949,1055,0.6,,,75,44,40,75,2636,664,0.6,,,73,47,43,69,2623,808,0.6,,,74,31,27,74,1771,523,0.4
,80,42,38,78,2612,748,0.6,,,78,52,48,74,2949,1107,0.6,,,76,44,40,75,2636,708,0.6,,,74,43,39,74,2489,693,0.6,,,75,31,27,74,1771,554,0.4
,81,42,38,78,2612,790,0.6,,,79,52,48,74,2949,1159,0.6,,,77,44,40,75,2636,752,0.6,,,75,43,39,74,2489,736,0.6,,,76,31,27,74,1771,585,0.4
,82,42,38,78,2612,832,0.6,,,80,44,40,80,2703,817,0.6,,,78,44,40,75,2636,796,0.6,,,76,43,39,74,2489,779,0.6,,,77,31,27,74,1771,616,0.4
,83,38,34,83,2540,614,0.6,,,81,44,40,80,2703,861,0.6,,,79,44,40,75,2636,840,0.6,,,77,43,39,74,2489,822,0.6,,,78,31,27,74,1771,647,0.4
,84,38,34,83,2540,652,0.6,,,82,44,40,80,2703,905,0.6,,,80,41,37,80,2592,688,0.6,,,78,43,39,74,2489,865,0.6,,,79,31,27,74,1771,678,0.4
,85,38,34,83,2540,690,0.6,,,83,44,40,80,2703,949,0.6,,,81,41,37,80,2592,729,0.6,,,79,40,36,79,2514,646,0.6,,,80,31,27,74,1771,709,0.4
,86,38,34,83,2540,728,0.6,,,84,44,40,80,2703,993,0.6,,,82,41,37,80,2592,770,0.6,,,80,40,36,79,2514,686,0.6,,,81,31,27,74,1771,740,0.4
,87,38,34,83,2540,766,0.7,,,85,44,40,80,2703,1037,0.6,,,83,41,37,80,2592,811,0.7,,,81,40,36,79,2514,726,0.6,,,82,31,27,74,1771,771,0.4
,88,38,34,83,2540,804,0.6,,,86,41,37,86,2650,876,0.6,,,84,38,34,84,2508,684,0.7,,,82,37,33,82,2451,583,0.6,,,83,31,27,74,1771,802,0.4
,89,38,34,83,2540,842,0.6,,,87,41,37,86,2650,917,0.6,,,85,38,34,84,2508,722,0.6,,,83,37,33,82,2451,620,0.6,,,84,29,25,84,1739,697,0.4
,90,38,34,83,2540,880,0.6,,,88,41,37,86,2650,958,0.9,,,86,38,34,84,2508,760,0.6,,,84,37,33,82,2451,657,0.6,,,85,28,24,85,1730,650,0.4
,91,36,32,91,2592,684,0.6,,,89,41,37,86,2650,999,0.6,,,87,38,34,84,2508,798,0.6,,,85,37,33,82,2451,694,0.6,,,86,27,23,86,1701,621,0.4
,92,36,32,91,2592,720,0.6,,,90,41,37,86,2650,1040,0.6,,,88,38,34,84,2508,836,0.6,,,86,37,33,82,2451,731,0.6,,,87,27,23,86,1701,648,0.5
,93,34,30,93,2563,599,0.6,,,91,39,35,91,2672,877,0.6,,,89,36,32,89,2511,693,0.6,,,87,37,33,82,2451,768,0.6,,,88,27,23,86,1701,675,0.4
,94,34,30,93,2563,633,0.6,,,92,39,35,91,2672,916,0.6,,,90,36,32,89,2511,729,0.6,,,88,35,31,88,2437,643,0.6,,,89,27,23,86,1701,702,0.4
,95,34,30,93,2563,667,0.6,,,93,39,35,91,2672,955,0.7,,,91,36,32,89,2511,765,0.6,,,89,35,31,88,2437,678,0.6,,,90,27,23,86,1701,729,0.4
,96,34,30,93,2563,701,0.6,,,94,39,35,91,2672,994,0.6,,,92,36,32,89,2511,801,0.6,,,90,35,31,88,2437,713,0.6,,,91,27,23,86,1701,756,0.4
,97,34,30,93,2563,735,0.6,,,95,39,35,91,2672,1033,0.6,,,93,36,32,89,2511,837,0.6,,,91,33,29,91,2409,594,0.6,,,92,27,23,86,1701,783,0.4
,98,34,30,93,2563,769,0.6,,,96,39,35,91,2672,1072,0.6,,,94,33,29,94,2423,679,0.6,,,92,33,29,91,2409,627,0.6,,,93,27,23,86,1701,810,0.4
,,,,,,,,,,97,39,35,91,2672,1111,0.6,,,95,33,29,94,2423,712,0.6,,,93,33,29,91,2409,660,0.6,,,94,27,23,86,1701,837,0.4
,,,,,,,,,,98,37,33,98,2660,966,0.6,,,96,33,29,94,2423,745,0.6,,,94,33,29,91,2409,693,0.6,,,95,27,23,86,1701,864,0.4
,,,,,,,,,,,,,,,,,,,97,33,29,94,2423,778,0.6,,,95,33,29,91,2409,726,0.6,,,96,27,23,86,1701,891,0.4
,,,,,,,,,,,,,,,,,,,98,33,29,94,2423,811,0.6,,,96,33,29,91,2409,759,0.6,,,97,26,22,97,1747,775,0.4
,,,,,,,,,,,,,,,,,,,,,,,,,,,,97,30,26,97,2398,512,0.6,,,98,26,22,97,1747,801,0.4
,,,,,,,,,,,,,,,,,,,,,,,,,,,,98,30,26,97,2398,542,0.6,,,,,,,,,