CODE,"[[17,2,6]]",,,,,,,,CODE,"[[20,2,6]]",,,,,,,,CODE,"[[21,2,6]]",,,,,,,,CODE,"[[16,3,5]]",,,,,,,,code,"[[19,2,6]]",,,,,,
SEED,q,columns,layers,qubits,volume,idle,sec,,SEED,q,columns,layers,qubits,volume,idle,sec,,SEED,q,columns,layers,qubits,volume,idle,sec,,SEED,q,columns,layers,qubits,volume,idle,sec,,seed,q,columns,layers,qubits,volume,idle,sec
23,39,105,101,39,3997,98,69.6,,23,45,85,81,45,3704,121,44.9,,23,43,97,93,43,4100,71,56.1,,,40,52,48,40,2006,74,36.7,,,41,97,93,41,3873,104,119.2
,40,94,90,40,3667,93,79.9,,,46,79,75,46,3542,92,61.3,,,44,92,88,44,3952,96,79.6,,,41,51,47,41,1993,98,33.5,,,42,88,84,42,3617,79,67.2
,41,84,80,41,3358,86,54.5,,,47,71,67,47,3241,96,38.7,,,45,84,80,45,3702,78,48.5,,,42,48,45,42,1942,74,24.2,,,43,81,77,43,3394,89,74.4
,42,81,77,42,3303,99,68.2,,,48,69,65,48,3204,108,38,,,46,81,77,46,3659,67,43.4,,,43,47,43,43,1937,84,23.1,,,44,73,69,44,3127,85,66.2
,43,78,74,43,3244,110,65.7,,,49,64,60,49,3021,115,47.2,,,47,75,71,47,3426,99,40.1,,,44,44,40,44,1855,81,22.4,,,45,69,65,45,2991,114,60.9
,44,73,69,44,3130,82,75,,,50,62,58,50,2991,109,43.3,,,48,70,66,48,3250,110,53.6,,,45,43,39,45,1848,87,27.3,,,46,67,63,46,2965,117,69.9
,45,69,65,45,3020,85,33.3,,,51,59,55,51,2887,122,39.4,,,49,66,62,49,3137,97,33.4,,,46,41,37,46,1803,83,28.7,,,47,64,60,47,2906,102,43.5
,46,65,61,46,2871,119,43.2,,,52,56,52,52,2785,127,36.8,,,50,62,58,50,2992,108,30.4,,,47,40,36,47,1770,110,19,,,48,59,55,48,2726,106,39.2
,47,62,58,47,2845,69,54.4,,,53,56,52,52,2785,183,37.8,,,51,59,55,51,2919,90,29.6,,,48,40,36,47,1770,150,20.4,,,49,56,52,49,2649,95,29
,48,60,56,48,2745,135,26.7,,,54,54,50,54,2769,147,35.3,,,52,59,55,51,2919,149,30.2,,,49,39,35,49,1804,107,18.1,,,50,54,50,50,2616,84,35.7
,49,58,54,49,2719,123,49,,,55,53,49,55,2786,129,24,,,53,58,54,53,2955,119,28.8,,,50,37,33,50,1747,103,22.4,,,51,53,49,51,2551,152,23.4
,50,55,51,50,2622,128,34.3,,,56,50,46,56,2645,155,32.5,,,54,55,51,54,2870,100,25.9,,,51,37,33,50,1747,140,17.5,,,52,51,47,52,2542,110,21.9
,51,54,50,51,2653,101,47.1,,,57,49,45,57,2666,127,32.6,,,55,53,49,55,2774,141,25,,,52,36,32,52,1764,108,16.9,,,53,49,45,53,2477,120,32.6
,52,51,47,52,2517,135,40.5,,,58,48,44,58,2628,156,41.6,,,56,50,46,56,2681,119,23.5,,,53,36,32,52,1764,144,17.3,,,54,47,43,54,2434,104,42.2
,53,50,46,53,2510,140,31.1,,,59,46,42,59,2576,138,30.2,,,57,50,46,56,2681,169,23.3,,,54,35,31,54,1760,130,15.7,,,55,46,42,55,2431,99,32.4
,54,48,44,54,2453,139,19.9,,,60,46,42,59,2576,184,20.6,,,58,49,45,58,2671,171,22,,,55,35,31,54,1760,165,16.3,,,56,46,42,55,2431,145,35
,55,47,43,55,2429,156,19.4,,,61,44,40,61,2504,180,19.6,,,59,46,42,59,2566,148,20.7,,,56,34,30,56,1760,144,15.3,,,57,43,39,57,2329,122,28.3
,56,47,43,55,2429,203,36.3,,,62,44,40,61,2504,224,19,,,60,45,41,60,2544,156,20.1,,,57,34,30,56,1760,178,17.9,,,58,43,39,57,2329,165,27.8
,57,45,41,57,2426,139,34.5,,,63,44,40,61,2504,268,19.1,,,61,45,41,60,2544,201,20.1,,,58,34,30,56,1760,212,15.9,,,59,43,39,57,2329,208,28.4
,58,42,38,58,2321,115,33.2,,,64,41,37,64,2428,196,17.3,,,62,45,41,60,2544,246,20,,,59,32,28,59,1746,142,19.1,,,60,42,38,60,2412,108,20
,59,41,37,59,2247,172,24.1,,,65,41,37,64,2428,237,25.6,,,63,44,40,63,2563,209,19.3,,,60,32,28,60,1729,191,15.2,,,61,42,38,61,2392,170,28
,60,41,37,59,2247,213,24.7,,,66,40,36,66,2447,193,32.6,,,64,43,39,64,2543,209,18.7,,,61,31,27,61,1709,182,12.7,,,62,40,36,62,2329,151,25.2
,61,40,36,61,2310,130,23.9,,,67,39,35,67,2430,183,16.2,,,65,41,37,65,2474,191,18.1,,,62,31,27,61,1709,213,13.3,,,63,40,36,62,2329,191,31.5
,62,40,36,62,2302,178,22.4,,,68,38,34,68,2396,188,23.6,,,66,41,37,65,2474,232,18,,,63,30,26,63,1718,172,13.6,,,64,39,35,64,2345,151,24.5
,63,38,34,63,2255,139,29.5,,,69,37,33,69,2379,174,15.7,,,67,40,36,67,2500,180,25.5,,,64,30,26,63,1718,202,12.4,,,65,39,35,64,2345,190,15.3
,64,38,34,63,2255,177,22.1,,,70,37,33,69,2379,211,15.6,,,68,40,36,67,2500,220,24.8,,,65,30,26,63,1718,232,17.3,,,66,38,34,66,2310,198,28.8
,65,37,33,65,2249,156,14.3,,,71,37,33,69,2379,248,22.6,,,69,38,34,69,2415,207,16,,,66,30,26,63,1718,262,13.3,,,67,38,34,66,2310,236,21.8
,66,37,33,66,2229,213,14.6,,,72,36,32,72,2361,231,14.9,,,70,38,34,69,2415,245,16.2,,,67,30,26,63,1718,292,12,,,68,37,33,68,2384,132,29.1
,67,36,32,67,2235,177,20.6,,,73,35,31,73,2345,210,20.5,,,71,38,34,69,2415,283,16.1,,,68,29,25,68,1755,217,13,,,69,36,32,69,2305,179,22.1
,68,35,31,68,2226,154,20.3,,,74,34,30,74,2308,208,13.6,,,72,38,34,69,2415,321,15.8,,,69,29,25,69,1736,265,12.5,,,70,35,31,70,2267,183,14
,69,35,31,68,2226,189,20.3,,,75,34,30,74,2308,242,13.9,,,73,37,33,73,2474,227,15.7,,,70,29,25,69,1736,294,11.8,,,71,35,31,70,2267,218,21.6
,70,35,31,68,2226,224,13.8,,,76,33,29,76,2296,212,24.9,,,74,37,33,73,2474,264,15.5,,,71,28,24,71,1786,202,14.6,,,72,34,30,72,2246,202,19.4
,71,34,30,71,2238,176,19.5,,,77,33,29,76,2296,245,31.4,,,75,36,32,75,2437,263,14.8,,,72,28,24,71,1786,230,13.1,,,73,34,30,72,2246,236,19.3
,72,34,30,71,2238,210,20.5,,,78,33,29,76,2296,278,24.5,,,76,35,31,76,2432,228,14.5,,,73,27,23,73,1786,185,15.7,,,74,33,29,74,2257,185,13.2
,73,34,30,73,2234,248,13.3,,,79,33,29,76,2296,311,18.5,,,77,35,31,77,2426,269,14.3,,,74,27,23,73,1786,212,14.3,,,75,33,29,74,2257,218,28.2
,74,34,30,73,2234,282,18.5,,,80,32,28,80,2331,229,14,,,78,35,31,77,2426,304,14.2,,,75,27,23,73,1786,239,12.2,,,76,33,29,74,2257,251,19.3
,75,32,28,75,2238,162,23.9,,,81,31,27,81,2243,268,22.9,,,79,34,30,79,2389,297,19.8,,,76,27,23,73,1786,266,12.4,,,77,33,29,74,2257,284,26.1
,76,32,28,75,2238,194,23.8,,,82,31,27,81,2243,299,12.1,,,80,33,29,80,2366,274,19.3,,,77,27,23,73,1786,293,14.2,,,78,33,29,74,2257,317,12.6
,77,32,28,75,2238,226,12.4,,,83,31,27,81,2243,330,13.7,,,81,33,29,80,2366,307,13.4,,,78,27,23,73,1786,320,10.7,,,79,32,28,79,2314,214,12.4
,78,31,27,78,2205,213,17.5,,,84,31,27,81,2243,361,17.3,,,82,33,29,80,2366,340,19.3,,,79,27,23,73,1786,347,7.3,,,80,32,28,79,2314,246,12.3
,79,31,27,78,2205,244,17.4,,,85,30,26,85,2306,244,11.6,,,83,32,28,83,2398,258,18.7,,,80,27,23,73,1786,374,7.1,,,81,32,28,79,2314,278,17.6
,80,31,27,78,2205,275,11.5,,,86,30,26,86,2288,292,11.3,,,84,32,28,84,2386,302,12.7,,,81,26,22,81,1881,225,12.6,,,82,31,27,82,2322,220,16.7
,81,31,27,78,2205,306,11.8,,,87,30,26,86,2288,322,21.7,,,85,32,28,84,2386,334,18.6,,,82,26,22,82,1881,251,10.2,,,83,30,26,83,2303,187,22.7
,82,30,26,82,2263,197,21.6,,,88,29,25,88,2289,263,11.1,,,86,29,25,86,2328,166,18.3,,,83,26,22,82,1881,277,10.1,,,84,30,26,83,2303,217,11.3
,83,30,26,83,2250,240,16.5,,,89,29,25,88,2289,292,10.8,,,87,29,25,86,2328,195,17.5,,,84,26,22,82,1881,303,10.9,,,85,30,26,83,2303,247,21
,84,30,26,83,2250,270,11.1,,,90,29,25,88,2289,321,15.9,,,88,29,25,86,2328,224,17.4,,,85,26,22,82,1881,329,10.7,,,86,29,25,86,2284,210,20.6
,85,30,26,83,2250,300,16.1,,,91,29,25,88,2289,350,10.6,,,89,29,25,86,2328,253,16.9,,,86,24,20,86,1859,205,12.5,,,87,29,25,86,2284,239,17.2
,86,30,26,83,2250,330,20.9,,,92,29,25,88,2289,379,10.7,,,90,29,25,86,2328,282,16.9,,,87,24,20,86,1859,229,11.9,,,88,29,25,86,2284,268,11
,87,28,24,87,2247,189,24.5,,,93,28,24,93,2326,278,10.3,,,91,29,25,86,2328,311,11.6,,,88,24,20,88,1856,256,12,,,89,29,25,86,2284,297,15.9
,88,28,24,87,2247,217,15.6,,,94,28,24,93,2326,306,15,,,92,29,25,86,2328,340,11.4,,,89,24,20,88,1856,280,9.2,,,90,29,25,86,2284,326,16.4
,89,28,24,87,2247,245,19.8,,,95,28,24,95,2326,334,15,,,93,29,25,86,2328,369,11,,,90,24,20,88,1856,304,8.6,,,91,29,25,86,2284,355,14.7
,90,28,24,87,2247,273,10.1,,,96,28,24,95,2326,362,14.6,,,94,29,25,86,2328,398,11,,,91,23,19,91,1830,263,9.7,,,92,28,24,92,2285,291,9.8
,91,28,24,87,2247,301,10.6,,,97,28,24,97,2304,412,18.4,,,95,28,24,95,2331,329,10.9,,,92,23,19,91,1830,286,8.7,,,93,28,24,92,2285,319,15.3
,92,28,24,87,2247,329,9.8,,,98,27,23,98,2330,316,14.6,,,96,28,24,95,2331,357,10.7,,,93,23,19,91,1830,309,8.5,,,94,28,24,92,2285,347,9.7
,93,28,24,87,2247,357,10.2,,,98,27,98,2349,297,14.3,,,,97,28,24,95,2331,385,15.4,,,94,23,19,91,1830,332,12.7,,,95,27,23,95,2272,293,9.5
,94,27,23,94,2284,254,13.8,,,,,,,,,,,,98,28,24,95,2331,413,10.5,,,95,23,19,91,1830,355,11.9,,,96,27,23,95,2272,320,9.6
,95,27,23,95,2266,299,13.9,,,,,,,,,,,,,,,,,,,,,96,23,19,91,1830,378,8.3,,,97,27,23,95,2272,347,14.2
,96,26,22,96,2232,264,17.2,,,,,,,,,,,,,,,,,,,,,97,23,19,91,1830,401,10.9,,,98,27,23,95,2272,374,12.3
,97,26,22,96,2232,290,9.4,,,,,,,,,,,,,,,,,,,,,98,23,19,91,1830,424,10.8,,,,,,,,,
,98,26,22,96,2232,316,9.3,,,,,,,,,,,,,,,,,,,,,,,,,,,,,,,,,,,,